-- ===== 清空数据 =====
DELETE FROM royal_member;
DELETE FROM ruler;
DELETE FROM dynasty;

-- ===== 1. 秦朝 =====
INSERT INTO dynasty (id, name, surname, period, capital, founder, last_ruler, duration, year_start, year_end, summary, description, family_tree, sort_order, image_gradient)
VALUES (1, '秦朝', '嬴姓 · 赵氏', '公元前221 - 前207', '咸阳', '秦始皇嬴政', '子婴', '15年', -221, -207,
'中国历史上第一个大一统王朝，开创帝制时代。',
'{"origins":"嬴姓的起源可追溯至上古五帝时代。据《史记·秦本纪》记载，秦的祖先是颛顼帝的后裔——女修。女修吞玄鸟卵而生大业，大业之子大费（即伯益）因辅佐大禹治水有功，被舜帝赐姓为嬴。嬴姓部族在夏商时期辗转迁徙。至商朝末年，部族首领蜚廉、恶来以勇力著称，服务于商纣王。周灭商后，嬴姓部族沦为附庸，被西迁至西北边疆，与西戎杂处。转折点出现在周孝王时期（约前9世纪）。嬴姓后人非子因善养马，被周孝王封于秦地（今甘肃天水一带），号为秦嬴，秦由此成为周王室的附庸国。","founding":"秦国的崛起始于秦孝公时期（前361-前338）。孝公任用商鞅推行变法：废井田、开阡陌，奖励军功，推行县制，统一度量衡。商鞅变法使秦国从一个边陲弱国迅速转变为军事强国。此后秦王嬴政于前247年即位，时年仅十三岁。前238年亲政后，平定嫪毐叛乱，罢黜权臣吕不韦，随即开启统一战争。从前230年灭韩开始，到前221年灭齐结束，十年间先后灭掉韩、赵、魏、楚、燕、齐六国，完成了中国历史上第一次真正意义上的大一统。","zenith":"秦朝的鼎盛即统一后到秦始皇去世前的十一年（前221-前210）。这一时期，秦朝控制了西起陇西、东至辽东、北达阴山、南抵岭南的广阔疆域，是中国历史上第一个真正的大一统帝国。在制度建设方面，秦朝实现了前所未有的中央集权：郡县制——全国设三十六郡（后增至四十余郡），郡县长官由中央直接任免；标准化——以小篆作为标准字体，以秦半两钱为统一货币；律令体系——以法家思想为指导，推行严密的成文法体系。","decline":"秦朝的崩溃是多种因素叠加的结果，其速度之快在中国历史上极为罕见——统一到灭亡仅仅十五年。内部危机：法家路线极端化，刑罚过于严酷；赋役沉重，修长城、建宫室，征发数百万劳动力；继承危机——秦始皇未立太子，去世后赵高、李斯篡改遗诏，导致扶苏自杀、胡亥即位。外部压力：前209年陈胜、吴广在大泽乡揭竿而起；六国贵族纷纷起兵复国。前207年，巨鹿之战项羽大败秦军主力；同年刘邦攻入武关，子婴投降，秦朝灭亡。"}',
'[{"level":0,"nodes":[{"name":"秦庄襄王","title":"嬴子楚"}]},{"level":1,"nodes":[{"name":"秦始皇","title":"嬴政"}]},{"level":2,"nodes":[{"name":"扶苏","title":"长子"},{"name":"秦二世","title":"胡亥"}]},{"level":3,"nodes":[{"name":"子婴","title":"扶苏之子"}]}]',
1, 'cv-qin');

INSERT INTO ruler (id, dynasty_id, title, name, reign_start, reign_end, relation, achievements) VALUES
(79, 1, '秦始皇', '嬴政', '前221', '前210', '开国', '统一六国，建立帝制，推行郡县制，统一文字度量衡'),
(80, 1, '秦二世', '胡亥', '前210', '前207', '秦始皇少子', '诛杀兄弟姐妹，信用赵高，加剧暴政'),
(81, 1, '秦王子婴', '子婴', '前207', '前207', '扶苏之子', '杀赵高，降刘邦，后被项羽杀害');

INSERT INTO royal_member (dynasty_id, name, title, lifespan, role, description) VALUES
(1, '秦始皇·嬴政', '始皇帝', '前259-前210', '皇帝', '中国历史上第一位皇帝。统一六国，创立帝制，推行书同文、车同轨。其功过皆极突出，被誉为千古一帝，也被批评为暴君。'),
(1, '扶苏', '秦始皇长子', '?-前210', '皇子', '秦始皇长子，为人仁厚，因劝谏坑儒被派往上郡监蒙恬军。秦始皇去世后，赵高、李斯伪造诏书逼其自杀，改立胡亥。'),
(1, '秦二世·胡亥', '二世皇帝', '前230-前207', '皇帝', '秦始皇少子。在赵高策划下即位，继位后诛杀兄弟姐妹二十余人，信用赵高，政事荒废。'),
(1, '子婴', '秦三世', '?-前207', '皇帝', '秦始皇之孙（扶苏之子）。赵高杀胡亥后被立为秦王。在位仅46天便设计诛杀赵高。刘邦入关中时投降，后被项羽杀害。');

-- ===== 2. 汉朝 =====
INSERT INTO dynasty (id, name, surname, period, capital, founder, last_ruler, duration, year_start, year_end, summary, description, family_tree, sort_order, image_gradient)
VALUES (2, '汉朝', '刘姓', '公元前202 - 公元220', '长安（西汉）/洛阳（东汉）', '汉高祖刘邦', '汉献帝刘协', '405年', -202, 220,
'四百年基业，奠定汉民族文化认同。',
'{"origins":"刘姓是中国历史上产生皇帝最多的姓氏。据刘姓宗室自述，其远祖可追溯至尧帝。尧帝的后裔被封于刘地（今河北唐县一带），其后人以邑为氏，遂有刘姓。夏朝时期，刘姓的一支——御龙氏，以善于养龙（驯马）著称。刘邦的祖父刘清、父亲刘太公（刘煓）都是普通农民，以耕作为生。刘邦本人年轻时曾任泗水亭长（基层治安官），不事生产，却胸怀大志。这种寒微出身使他成为中国历史上极少数从平民跃升为开国皇帝的典范。","founding":"前209年，陈胜吴广起义爆发后，刘邦在沛县响应起义，被推举为沛公。他最初投靠项梁，与项羽结为盟友。前207年，刘邦率军攻入咸阳，秦王子婴投降。前206年，刘邦明修栈道暗度陈仓，从汉中杀回关中，楚汉战争由此爆发。这场战争持续四年，刘邦在韩信、张良、萧何的辅佐下，于前202年垓下之战中击败项羽。项羽自刎乌江，刘邦即皇帝位，定国号为汉，定都长安。","zenith":"汉朝分为西汉和东汉两个时期。西汉鼎盛——汉武帝时期（前141-前87）：卫青、霍去病三次大规模出击匈奴，彻底解除北方边患。张骞出使西域，开辟丝绸之路。推行推恩令，削弱诸侯王势力；独尊儒术，确立儒家正统地位。东汉鼎盛——明章之治（公元57-88年）：汉明帝、汉章帝励精图治。班超经营西域三十年；班固撰写《汉书》；蔡伦改进造纸术。","decline":"西汉衰落：土地兼并严重，外戚专权，王莽最终篡汉建新（公元8年）。东汉衰落：幼帝即位频繁，外戚与宦官交替专权。党锢之祸使统治阶层分裂。黄巾起义（184年）动摇统治根基。公元220年，曹丕逼汉献帝禅让，建立曹魏。刘氏在中原的统治终结，但蜀汉刘备延续至263年。"}',
'[{"level":0,"nodes":[{"name":"汉高祖刘邦","title":"开国"}]},{"level":1,"nodes":[{"name":"汉惠帝刘盈","title":"第二代"},{"name":"汉文帝刘恒","title":"第四子"}]},{"level":2,"nodes":[{"name":"汉景帝刘启","title":"文帝子"}]},{"level":3,"nodes":[{"name":"汉武帝刘彻","title":"景帝子"}]},{"level":4,"nodes":[{"name":"… 延续至东汉 …","title":""}]},{"level":5,"nodes":[{"name":"汉光武帝刘秀","title":"长沙王刘发之后"}]}]',
2, 'cv-han');

INSERT INTO ruler (id, dynasty_id, title, name, reign_start, reign_end, relation, achievements) VALUES
(82, 2, '汉高祖', '刘邦', '前202', '前195', '开国', '建立汉朝，郡国并行，休养生息'),
(83, 2, '汉惠帝', '刘盈', '前195', '前188', '高祖子', '柔弱仁厚，吕后专权'),
(84, 2, '汉文帝', '刘恒', '前180', '前157', '高祖第四子', '文景之治开端，轻徭薄赋'),
(85, 2, '汉景帝', '刘启', '前157', '前141', '文帝子', '平定七国之乱，文景之治'),
(86, 2, '汉武帝', '刘彻', '前141', '前87', '景帝子', '北击匈奴，独尊儒术，丝绸之路'),
(87, 2, '汉昭帝', '刘弗陵', '前87', '前74', '武帝子', '霍光辅政，恢复国力'),
(88, 2, '汉宣帝', '刘询', '前74', '前49', '武帝曾孙', '昭宣中兴，西域都护建立'),
(89, 2, '汉光武帝', '刘秀', '25', '57', '西汉宗室', '建立东汉，光武中兴'),
(90, 2, '汉明帝', '刘庄', '57', '75', '光武帝子', '明章之治，佛教传入'),
(91, 2, '汉献帝', '刘协', '189', '220', '灵帝子', '末代皇帝，被曹操控制，禅让曹丕');

INSERT INTO royal_member (dynasty_id, name, title, lifespan, role, description) VALUES
(2, '汉高祖·刘邦', '开国皇帝', '前256-前195', '皇帝', '从平民到皇帝，知人善任，重用张良、萧何、韩信。建立汉朝，奠定四百年基业。'),
(2, '汉武帝·刘彻', '第七位皇帝', '前157-前87', '皇帝', '雄才大略，北逐匈奴、南平百越、东定朝鲜、西通西域。独尊儒术，奠定两千年思想格局。'),
(2, '汉光武帝·刘秀', '东汉开国', '前5-57', '皇帝', '刘氏宗室后裔，新末乱世中崛起，昆阳之战以少胜多。建立东汉，定都洛阳，史称光武中兴。'),
(2, '吕后·吕雉', '汉高祖皇后', '前241-前180', '皇后', '中国历史上第一位临朝称制的女性。刘邦去世后掌握实权十六年，延续了黄老治国、休养生息的国策。'),
(2, '汉献帝·刘协', '末代皇帝', '181-234', '皇帝', '东汉最后一位皇帝，一生被董卓、曹操等权臣控制。曹丕建魏后被逼禅让，封山阳公，得以善终。');

-- ===== 3. 晋朝 =====
INSERT INTO dynasty (id, name, surname, period, capital, founder, last_ruler, duration, year_start, year_end, summary, description, family_tree, sort_order, image_gradient)
VALUES (3, '晋朝', '司马氏', '公元265 - 420', '洛阳（西晋）/建康（东晋）', '晋武帝司马炎', '晋恭帝司马德文', '155年', 265, 420,
'士族门阀政治的鼎盛时期。',
'{"origins":"司马氏源出姬姓，是周王室的分支。周宣王时期，程伯休父任司马（掌管军事的官职），因功被赐姓司马，其后人即以官为氏。东汉末年，司马钧、司马量、司马隽三代在边郡任职，积累了声望。至司马防时，曾任京兆尹。司马防有八子，时称司马八达，其中司马朗、司马懿最为著名。司马懿（179-251）是司马氏家族命运的转折人物，在曹操时代出仕，曹叡时期多次率军抵御诸葛亮北伐。曹芳即位后，司马懿于249年发动高平陵之变，诛杀曹爽一党，彻底掌握了曹魏政权。","founding":"司马懿去世后，其子司马师、司马昭相继掌权。司马昭灭蜀汉（263年），进位晋王。265年，司马炎效仿曹丕代汉的故事，逼魏元帝曹奂禅让，建立晋朝，定都洛阳，史称西晋。280年，西晋灭东吴，统一全国。","zenith":"西晋的鼎盛时期是晋武帝在位后期（约280-290年），史称太康之治。统一天下后，西晋版图北至辽东、西达西域、南抵交州。占田课田制的推行使农业产量回升。文化繁荣，出现了以左思《三都赋》为代表的文学成就，洛阳纸贵的典故即源于此。","decline":"八王之乱（291-306）：晋惠帝即位后，贾后干政引发政治清洗，宗室诸王卷入混战，整个中原陷入长达十六年的内战。五胡乱华：八王之乱期间，内迁的匈奴、鲜卑、羯、氐、羌等少数民族纷纷起兵。311年，匈奴刘聪攻陷洛阳，俘虏晋怀帝，史称永嘉之乱。316年，刘曜攻陷长安，西晋灭亡。420年，刘裕逼晋恭帝司马德文禅让，建立刘宋。"}',
'[{"level":0,"nodes":[{"name":"司马懿","title":"追尊宣帝"}]},{"level":1,"nodes":[{"name":"司马师","title":"追尊景帝"},{"name":"司马昭","title":"追尊文帝"}]},{"level":2,"nodes":[{"name":"晋武帝司马炎","title":"开国"}]},{"level":3,"nodes":[{"name":"晋元帝司马睿","title":"东晋开国"}]}]',
4, 'cv-jin');

INSERT INTO ruler (id, dynasty_id, title, name, reign_start, reign_end, relation, achievements) VALUES
(92, 3, '晋武帝', '司马炎', '265', '290', '开国', '灭吴统一，太康之治'),
(93, 3, '晋惠帝', '司马衷', '290', '307', '武帝子', '弱智皇帝，八王之乱爆发'),
(94, 3, '晋怀帝', '司马炽', '307', '313', '武帝子', '永嘉之乱，被刘聪俘虏'),
(95, 3, '晋愍帝', '司马邺', '313', '316', '武帝孙', '长安陷落，西晋灭亡'),
(96, 3, '晋元帝', '司马睿', '318', '323', '懿曾孙', '建立东晋，王导辅政'),
(97, 3, '晋明帝', '司马绍', '323', '325', '元帝子', '平定王敦之乱'),
(98, 3, '晋孝武帝', '司马曜', '372', '396', '简文帝子', '淝水之战大败前秦'),
(99, 3, '晋恭帝', '司马德文', '419', '420', '安帝弟', '禅让刘裕，晋朝灭亡');

INSERT INTO royal_member (dynasty_id, name, title, lifespan, role, description) VALUES
(3, '晋宣帝·司马懿', '追尊', '179-251', '奠基者', '三国时期魏国重臣，多次成功抵御诸葛亮北伐。发动高平陵之变，奠定司马氏代魏基础。'),
(3, '晋武帝·司马炎', '开国皇帝', '236-290', '皇帝', '逼魏帝禅让建立晋朝，灭东吴统一全国。开创太康之治，但晚年昏聩。'),
(3, '晋惠帝·司马衷', '第二位皇帝', '259-307', '皇帝', '智力低下，名言何不食肉糜即出自其口。在位期间爆发八王之乱。'),
(3, '晋元帝·司马睿', '东晋开国', '276-322', '皇帝', '司马懿曾孙。西晋灭亡后在建康重建晋朝，但皇权软弱，形成王与马共天下的局面。');

-- ===== 4. 南北朝 =====
INSERT INTO dynasty (id, name, surname, period, capital, founder, last_ruler, duration, year_start, year_end, summary, description, family_tree, sort_order, image_gradient)
VALUES (4, '南北朝', '多家族并立', '公元420 - 589', '建康·平城·洛阳·邺', '刘裕（刘宋）', '陈后主陈叔宝', '169年', 420, 589,
'南北对峙，多个皇室家族轮番登场。',
'{"origins":"南北朝时期是中国历史上政权更迭最频繁、皇室家族最多的时期之一。此时期南方与北方各有数个王朝兴替，涉及刘、萧、陈、拓跋（元）、高、宇文等多个家族。南朝刘氏（宋）：刘裕自称是汉高祖刘邦弟楚元王刘交之后，但实为寒门出身。南朝萧氏（齐、梁）：萧氏系出兰陵（今山东枣庄），自称西汉萧何之后。南朝陈氏（陈）：陈霸先出身寒微，自称颍川陈氏之后。北朝拓跋氏（北魏）：拓跋氏是鲜卑族部落贵族，源出大兴安岭一带。","founding":"南朝宋（420-479）：刘裕出身寒门，在孙恩起义、桓玄之乱中逐步崛起，北伐南燕、后秦，420年逼晋恭帝禅让建宋。北魏（386-534）：拓跋珪重建代国，拓跋焘统一北方。孝文帝迁都洛阳，推行全面汉化改革，改拓跋姓为元。北周（557-581）：宇文泰在西魏执政，其子宇文觉建立北周，最终由杨坚代周建立隋朝。","zenith":"北魏孝文帝改革（471-499）：迁都洛阳，全面汉化——改汉姓、穿汉服、说汉语、与汉族通婚。推行均田制和三长制。梁武帝前期（502-547）：江南经济文化繁荣，出现了以萧统、沈约、刘勰为代表的文学群体。《昭明文选》《文心雕龙》等文学巨著诞生。","decline":"北魏衰落：六镇起义（523年）沉重打击了北魏统治。北魏分裂为东魏和西魏。北周灭北齐（577年），统一北方。侯景之乱（548-552）摧毁了南梁的统治基础。589年，隋军杨广率51万大军南下，陈后主被俘，南北朝时代终结。"}',
'[{"level":0,"nodes":[{"name":"刘裕","title":"刘宋"}]},{"level":1,"nodes":[{"name":"萧道成","title":"南齐"}]},{"level":2,"nodes":[{"name":"萧衍","title":"南梁"}]},{"level":3,"nodes":[{"name":"陈霸先","title":"陈朝"}]},{"level":4,"nodes":[{"name":"拓跋珪","title":"北魏"}]},{"level":5,"nodes":[{"name":"东魏→北齐","title":"高氏"},{"name":"西魏→北周","title":"宇文氏"}]}]',
4, 'cv-nanbei');

INSERT INTO ruler (id, dynasty_id, title, name, reign_start, reign_end, relation, achievements) VALUES
(100, 4, '宋武帝', '刘裕', '420', '422', '刘宋开国', '开国，北伐功绩卓著'),
(101, 4, '宋文帝', '刘义隆', '424', '453', '武帝子', '元嘉之治，北伐失利'),
(102, 4, '梁武帝', '萧衍', '502', '549', '南梁开国', '在位最久，崇佛，侯景之乱'),
(103, 4, '陈后主', '陈叔宝', '582', '589', '陈朝末代', '荒淫亡国'),
(104, 4, '北魏道武帝', '拓跋珪', '386', '409', '北魏开国', '重建代国，建魏称帝'),
(105, 4, '北魏孝文帝', '元宏', '471', '499', '第七位皇帝', '迁都洛阳，全面汉化'),
(106, 4, '北周武帝', '宇文邕', '560', '578', '第三位皇帝', '灭北齐统一北方');

INSERT INTO royal_member (dynasty_id, name, title, lifespan, role, description) VALUES
(4, '宋武帝·刘裕', '刘宋开国', '363-422', '皇帝', '出身寒门，以北伐功绩著称。建立刘宋，在位期间精简税收、整顿吏治，是南朝最有作为的开国皇帝。'),
(4, '梁武帝·萧衍', '南梁开国', '464-549', '皇帝', '博学多才，在位四十八年，前期政治清明，晚年崇佛误国。侯景之乱中被困台城饿死。'),
(4, '北魏孝文帝·元宏', '第七位皇帝', '467-499', '皇帝', '五岁即位，亲政后推行全面汉化改革，迁都洛阳，促进民族融合。'),
(4, '北周武帝·宇文邕', '第三位皇帝', '543-578', '皇帝', '韬光养晦后除掉权臣宇文护。灭佛强国，灭北齐统一北方。');

-- ===== 5. 隋朝 =====
INSERT INTO dynasty (id, name, surname, period, capital, founder, last_ruler, duration, year_start, year_end, summary, description, family_tree, sort_order, image_gradient)
VALUES (5, '隋朝', '杨姓', '公元581 - 618', '大兴（长安）', '隋文帝杨坚', '隋恭帝杨侑', '37年', 581, 618,
'短暂而辉煌，承南北朝启大唐。',
'{"origins":"杨氏自称是周朝王室的后裔。周王室姓姬，其中一支被封为杨侯，建立杨国（今山西洪洞一带）。春秋时期杨国被晋国所灭，其后人以国为氏，姓杨。两汉时期，杨氏家族涌现了多位名人，如杨雄（西汉辞赋家）、杨震（东汉名臣）。杨坚的父亲杨忠是西魏八柱国之一、北周重臣，被封为随国公。杨坚继承了随国公爵位，他的女儿嫁给了北周宣帝宇文赟为皇后。值得说明的是，隋这个国号源自杨坚的爵位随国公。","founding":"杨坚的崛起得益于北周宣帝宇文赟的荒淫暴虐。宣帝去世后，年仅七岁的静帝宇文阐即位，杨坚以皇帝外祖父的身份辅政。581年，杨坚逼北周静帝禅让，建立隋朝，改元开皇。589年，隋军51万大军南下伐陈，攻入建康，俘获陈后主，结束了近三百年的分裂局面。隋文帝在位期间被称为开皇之治，开创科举制度雏形，推行均田制，改定刑律。","zenith":"隋朝的鼎盛期为隋文帝的开皇年间（581-604）和隋炀帝的大业前期（605-610）。开皇之治期间社会经济快速恢复，天下储积可供五十年之用。大业前期隋炀帝开凿大运河，连接南北；营建东都洛阳；创立进士科，科举制度正式确立。","decline":"隋朝的覆灭与秦朝惊人相似——同为短命统一王朝，同样因滥用民力而迅速崩溃。隋炀帝在位期间，修运河、建东都、三征高句丽，征发民夫数百万人次。611年王薄起义拉开隋末民变序幕。618年，隋炀帝在江都被宇文化及缢杀。同年李渊在长安建立唐朝。"}',
'[{"level":0,"nodes":[{"name":"杨忠","title":"随国公"}]},{"level":1,"nodes":[{"name":"隋文帝杨坚","title":"开国"}]},{"level":2,"nodes":[{"name":"杨勇","title":"废太子"},{"name":"隋炀帝杨广","title":"604-618"}]},{"level":3,"nodes":[{"name":"杨昭","title":"元德太子"}]},{"level":4,"nodes":[{"name":"隋恭帝杨侑","title":"傀儡"}]}]',
5, 'cv-sui');

INSERT INTO ruler (id, dynasty_id, title, name, reign_start, reign_end, relation, achievements) VALUES
(107, 5, '隋文帝', '杨坚', '581', '604', '代周建隋', '开皇之治，灭陈统一，创立科举'),
(108, 5, '隋炀帝', '杨广', '604', '618', '文帝次子', '开凿大运河，三征高句丽'),
(109, 5, '隋恭帝', '杨侑', '617', '618', '炀帝孙', '李渊立为傀儡，禅让唐朝');

INSERT INTO royal_member (dynasty_id, name, title, lifespan, role, description) VALUES
(5, '隋文帝·杨坚', '开国皇帝', '541-604', '皇帝', '代周建隋，灭陈统一全国。开创开皇之治，创立科举制度。勤政节俭，被北方少数民族称为圣人可汗。'),
(5, '文献皇后·独孤伽罗', '杨坚皇后', '544-602', '皇后', '北周名将独孤信之女。与杨坚感情深厚，参与朝政，宫中称二圣。'),
(5, '隋炀帝·杨广', '第二位皇帝', '569-618', '皇帝', '杨坚次子。开凿大运河、营建东都、创立科举、三征高句丽。功过极为突出。');

-- ===== 6. 唐朝 =====
INSERT INTO dynasty (id, name, surname, period, capital, founder, last_ruler, duration, year_start, year_end, summary, description, family_tree, sort_order, image_gradient)
VALUES (6, '唐朝', '李姓', '公元618 - 907', '长安', '唐高祖李渊', '唐哀帝李柷', '289年', 618, 907,
'中国历史上最辉煌的王朝之一。',
'{"origins":"唐朝李氏自称是老子李耳（道家创始人）的后裔。李氏家族在南北朝时期属于关陇军事贵族集团。李渊的祖父李虎是西魏八柱国之一，被封为唐国公。李渊的母亲是独孤信之女（即隋文帝杨坚的独孤皇后的姐妹），因此李渊与隋炀帝杨广是表兄弟关系。","founding":"隋末天下大乱，李渊时任太原留守，在次子李世民的劝进下，于617年在太原起兵。618年，隋炀帝在江都被杀后，李渊逼隋恭帝杨侑禅让，建立唐朝，改元武德，定都长安。唐初经过七年征战，先后平定各方势力。其中最关键的战役是李世民指挥的虎牢关之战（621年），一举击败王世充和窦建德联军。","zenith":"唐朝的鼎盛以贞观之治和开元盛世为两大高峰。贞观之治（627-649）：唐太宗李世民以隋亡为鉴，推行去奢省费、轻徭薄赋的方针。任用房玄龄、杜如晦、魏徵等贤臣。击败东突厥，被尊称为天可汗。开元盛世（713-741）：唐玄宗李隆基在位前期励精图治，政治清明、经济繁荣、文化昌盛，唐诗进入黄金时代（李白、杜甫、王维等）。","decline":"安史之乱（755-763）是唐朝由盛转衰的标志性转折。755年安禄山起兵反唐，叛军攻陷洛阳、长安，唐玄宗逃往四川。安史之乱后藩镇割据、宦官专权、朋党之争成为三大顽疾。875年黄巢起义给唐朝统治以致命打击。907年，朱温逼唐哀帝李柷禅让，建立后梁，唐朝灭亡。"}',
'[{"level":0,"nodes":[{"name":"李渊","title":"唐高祖"}]},{"level":1,"nodes":[{"name":"李世民","title":"唐太宗"}]},{"level":2,"nodes":[{"name":"李治","title":"唐高宗"}]},{"level":3,"nodes":[{"name":"李隆基","title":"唐玄宗"}]},{"level":4,"nodes":[{"name":"李柷","title":"唐哀帝，末代"}]}]',
6, 'cv-tang');

INSERT INTO ruler (id, dynasty_id, title, name, reign_start, reign_end, relation, achievements) VALUES
(110, 6, '唐高祖', '李渊', '618', '626', '开国', '太原起兵，建立唐朝'),
(111, 6, '唐太宗', '李世民', '626', '649', '高祖次子', '贞观之治，天可汗'),
(112, 6, '唐高宗', '李治', '649', '683', '太宗子', '灭高句丽，武后干政'),
(113, 6, '武则天', '武曌', '690', '705', '改唐为周', '中国唯一女皇'),
(114, 6, '唐玄宗', '李隆基', '712', '756', '睿宗子', '开元盛世，安史之乱'),
(115, 6, '唐肃宗', '李亨', '756', '762', '玄宗子', '灵武即位，平叛安史'),
(116, 6, '唐宪宗', '李纯', '805', '820', '顺宗子', '元和中兴，削平藩镇'),
(117, 6, '唐宣宗', '李忱', '846', '859', '宪宗子', '大中之治，晚唐最后之光芒'),
(118, 6, '唐哀帝', '李柷', '904', '907', '昭宗子', '朱温所立，禅让后梁');
INSERT INTO ruler (id, dynasty_id, title, name, reign_start, reign_end, relation, achievements) VALUES
(163, 6, '唐中宗', '李显', '705', '710', '高宗子，武则天第三子', '庐陵王复辟，恢复唐制'),
(164, 6, '唐睿宗', '李旦', '684', '690', '高宗子，中宗弟', '两度在位（684-690,710-712），禅让玄宗'),
(165, 6, '唐代宗', '李豫', '762', '779', '肃宗子', '安史之乱终结者，藩镇割据开始'),
(166, 6, '唐德宗', '李适', '779', '805', '代宗子', '两税法改革，泾原兵变'),
(167, 6, '唐顺宗', '李诵', '805', '805', '德宗子', '永贞革新，因病退位仅数月'),
(168, 6, '唐穆宗', '李恒', '820', '824', '宪宗子', '元和中兴后继无力，河朔三镇复叛'),
(169, 6, '唐敬宗', '李湛', '824', '826', '穆宗子', '年少嬉戏，被宦官刘克明杀害'),
(170, 6, '唐文宗', '李昂', '826', '840', '穆宗子', '甘露之变失败，被宦官软禁至死'),
(171, 6, '唐武宗', '李炎', '840', '846', '穆宗子', '会昌中兴，灭佛运动，击败回鹘'),
(172, 6, '唐懿宗', '李漼', '859', '873', '宣宗子', '骄奢淫逸，浙东裘甫起义，庞勋兵变'),
(173, 6, '唐僖宗', '李儇', '873', '888', '懿宗子', '黄巢起义攻陷长安，逃往蜀中'),
(174, 6, '唐昭宗', '李晔', '888', '904', '懿宗子', '被朱温控制，迁都洛阳后被弑');

INSERT INTO royal_member (dynasty_id, name, title, lifespan, role, description) VALUES
(6, '唐太宗·李世民', '第二位皇帝', '598-649', '皇帝', '玄武门之变登基。开创贞观之治，被后世视为千古一帝。以善于纳谏、知人善任著称。'),
(6, '唐玄宗·李隆基', '第六位皇帝', '685-762', '皇帝', '开元盛世的开创者，也是安史之乱的经历者。前半生英明神武，后半生宠爱杨贵妃。'),
(6, '女皇·武则天', '中国唯一女皇', '624-705', '皇帝', '唐高宗皇后，690年废唐建周，成为中国历史上唯一正式称帝的女性。'),
(6, '唐高祖·李渊', '开国皇帝', '566-635', '皇帝', '太原起兵建立唐朝。在位九年后被李世民逼退位为太上皇。'),
(6, '杨贵妃·杨玉环', '玄宗贵妃', '719-756', '妃子', '中国古代四大美女之一。安史之乱中在马嵬坡被逼自缢，成为盛唐转衰的悲剧符号。');

-- ===== 7. 宋朝 =====
INSERT INTO dynasty (id, name, surname, period, capital, founder, last_ruler, duration, year_start, year_end, summary, description, family_tree, sort_order, image_gradient)



VALUES (7, '宋朝', '赵姓', '公元960 - 1279', '开封（北宋）/临安（南宋）', '宋太祖赵匡胤', '宋末帝赵昺', '319年', 960, 1279,
'文治极盛，经济文化空前繁荣。',
'{"origins":"赵姓出自嬴姓，与秦国王室同源。赵氏始祖是西周时期造父（嬴姓），因善于驾车有功，被周穆王封于赵城（今山西洪洞北），其后人以邑为氏，姓赵。宋朝皇室自称是赵国王室后裔。赵匡胤的高祖赵朓、曾祖赵珽、祖父赵敬在唐朝做地方官。赵匡胤生于洛阳夹马营。","founding":"赵匡胤年轻时投靠后汉枢密使郭威，参与了郭威建立后周的军事行动。后周世宗柴荣去世后，其子柴宗训年幼即位。960年，赵匡胤在陈桥驿被将士黄袍加身，拥立为皇帝，建立宋朝。赵匡胤杯酒释兵权，以和平方式解除了禁军将领的兵权。推行重文轻武政策，大力推行科举取士。","zenith":"宋朝的鼎盛主要体现在经济和文化方面。北宋鼎盛——仁宗时期（1022-1063）：城市商业空前发达，交子（世界上最早的纸币）在四川流通。三大发明——活字印刷术、指南针、火药深刻改变了世界。文学方面，欧阳修、苏轼、王安石等大家辈出。南宋鼎盛——孝宗时期（1162-1189）：江南经济持续发展，理学成熟，朱熹集理学之大成。","decline":"北宋覆灭——靖康之耻（1127年）：金军攻破开封，俘虏宋徽宗、宋钦宗及宗室三千余人北去。南宋建立后长期面临金朝压力。13世纪初蒙古崛起，南宋联合蒙古灭金（1234年），但随即面临更强大的蒙古帝国。1279年崖山之战，元军大败宋军，陆秀夫背负八岁的宋末帝赵昺投海殉国，南宋灭亡。"}',
'[{"level":0,"nodes":[{"name":"赵弘殷","title":"追尊"}]},{"level":1,"nodes":[{"name":"宋太祖赵匡胤","title":"960-976"},{"name":"宋太宗赵光义","title":"976-997"}]},{"level":2,"nodes":[{"name":"太宗系","title":"北宋诸帝"}]},{"level":3,"nodes":[{"name":"宋高宗赵构","title":"南宋开国"}]}]',
7, 'cv-song');

INSERT INTO ruler (id, dynasty_id, title, name, reign_start, reign_end, relation, achievements) VALUES
(119, 7, '宋太祖', '赵匡胤', '960', '976', '开国', '杯酒释兵权，重文轻武'),
(120, 7, '宋太宗', '赵光义', '976', '997', '太祖弟', '灭北汉，北伐契丹'),
(121, 7, '宋真宗', '赵恒', '997', '1022', '太宗子', '澶渊之盟，宋辽和平'),
(122, 7, '宋仁宗', '赵祯', '1022', '1063', '真宗子', '庆历新政，文化鼎盛'),
(123, 7, '宋神宗', '赵顼', '1067', '1085', '英宗子', '王安石变法'),
(124, 7, '宋徽宗', '赵佶', '1100', '1126', '神宗子', '书画大家，靖康之耻'),
(125, 7, '宋钦宗', '赵桓', '1126', '1127', '徽宗子', '靖康之耻中被俘'),
(126, 7, '宋高宗', '赵构', '1127', '1162', '徽宗子', '建南宋，杀岳飞'),
(127, 7, '宋孝宗', '赵昚', '1162', '1189', '太祖后裔', '隆兴北伐，恢复岳飞名誉'),
(128, 7, '宋末帝', '赵昺', '1278', '1279', '端宗弟', '崖山蹈海');

INSERT INTO royal_member (dynasty_id, name, title, lifespan, role, description) VALUES
(7, '宋太祖·赵匡胤', '开国皇帝', '927-976', '皇帝', '陈桥兵变建立宋朝。杯酒释兵权，重文轻武，奠定了三百余年的赵宋基业。'),
(7, '宋仁宗·赵祯', '第四位皇帝', '1010-1063', '皇帝', '宋朝在位最长的皇帝之一（41年）。以宽仁著称，包拯、范仲淹、欧阳修等名臣辈出。'),
(7, '宋徽宗·赵佶', '第八位皇帝', '1082-1135', '皇帝', '杰出的艺术家，书画双绝，创瘦金体。但政治上昏庸，靖康之变中被金人俘虏。'),
(7, '宋高宗·赵构', '第十位皇帝', '1107-1187', '皇帝', '徽宗第九子。建立南宋，重用岳飞抗金，但因担心武将功高震主，最终以莫须有罪名杀害岳飞。');



-- 汉朝遗漏皇帝
INSERT INTO ruler (id, dynasty_id, title, name, reign_start, reign_end, relation, achievements) VALUES
(175, 2, '汉元帝', '刘奭', '前48', '前33', '宣帝子', '西汉由盛转衰，重用宦官石显'),
(176, 2, '汉成帝', '刘骜', '前33', '前7', '元帝子', '赵飞燕专宠，王氏外戚擅权'),
(177, 2, '汉哀帝', '刘欣', '前7', '前1', '元帝孙', '断袖之癖，王莽开始掌权'),
(178, 2, '汉平帝', '刘衎', '1', '6', '元帝孙', '王莽弑君篡位的傀儡'),
(179, 2, '汉章帝', '刘炟', '75', '88', '明帝子', '明章之治，班超通西域'),
(180, 2, '汉和帝', '刘肇', '88', '105', '章帝子', '窦宪击匈奴，蔡伦改造纸术'),
(181, 2, '汉桓帝', '刘志', '146', '168', '章帝曾孙', '宦官专权，党锢之祸开端'),
(182, 2, '汉灵帝', '刘宏', '168', '189', '章帝玄孙', '卖官鬻爵，黄巾起义爆发');

-- 明朝遗漏皇帝
INSERT INTO ruler (id, dynasty_id, title, name, reign_start, reign_end, relation, achievements) VALUES
(183, 9, '明代宗', '朱祁钰', '1449', '1457', '宣宗子，英宗弟', '北京保卫战，于谦辅政'),
(184, 9, '明穆宗', '朱载坖', '1567', '1572', '世宗子', '隆庆开关，俺答封贡'),
(185, 9, '明光宗', '朱常洛', '1620', '1620', '神宗子', '在位仅一月，红丸案'),
(186, 9, '明熹宗', '朱由校', '1620', '1627', '光宗子', '魏忠贤专权，东林党灭');

-- 宋朝遗漏皇帝
INSERT INTO ruler (id, dynasty_id, title, name, reign_start, reign_end, relation, achievements) VALUES
(187, 7, '宋英宗', '赵曙', '1063', '1067', '仁宗养子', '濮议之争，起用旧臣'),
(188, 7, '宋宁宗', '赵扩', '1194', '1224', '光宗子', '开禧北伐失败，签订嘉定和议'),
(189, 7, '宋理宗', '赵昀', '1224', '1264', '宁宗养子', '联蒙灭金，理学发展');

-- ===== 8. 元朝 =====
INSERT INTO dynasty (id, name, surname, period, capital, founder, last_ruler, duration, year_start, year_end, summary, description, family_tree, sort_order, image_gradient)
VALUES (8, '元朝', '孛儿只斤氏', '公元1271 - 1368', '大都（北京）', '元世祖忽必烈', '元惠宗妥懽帖睦尔', '97年', 1271, 1368,
'蒙古帝国入主中原，横跨欧亚。',
'{"origins":"孛儿只斤氏是蒙古黄金家族的姓氏。据《蒙古秘史》记载，始祖是苍狼和白鹿的后裔。传说蒙古族的始祖是阿兰豁阿的幼子孛端察儿，他是孛儿只斤氏的直系祖先。孛端察儿的第十一世孙就是统一蒙古各部的成吉思汗（铁木真）。孛儿只斤在蒙古语中的意思是蓝眼睛的人。成吉思汗家族统治了蒙古帝国和元朝。","founding":"1206年，铁木真统一蒙古各部，在斡难河源被推举为成吉思汗，建立大蒙古国。1271年，忽必烈取《易经》大哉乾元之意，正式改国号为元。1276年攻破南宋临安，1279年崖山之战彻底消灭南宋残余势力，完成了对全国的统一。忽必烈在政治制度上兼顾蒙古旧制和汉法。","zenith":"元朝的鼎盛时期为元世祖忽必烈在位后期（约1280-1294）。疆域辽阔——今天中国全境、蒙古高原、西伯利亚南部、朝鲜半岛北部。国际交流——马可波罗在此时来到中国。大都（北京）是当时世界上最繁华的都市之一。元朝对各种宗教持包容态度。","decline":"元朝衰落速度很快——从忽必烈去世（1294年）到灭亡（1368年），仅七十余年。皇位继承制度混乱，1307-1333年间换了八位皇帝。四等人制和民族歧视政策使社会矛盾尖锐。1351年红巾军起义爆发。1368年明将徐达攻破大都，元惠宗北逃，元朝对中原的统治结束。"}',
'[{"level":0,"nodes":[{"name":"成吉思汗","title":"铁木真"}]},{"level":1,"nodes":[{"name":"拖雷","title":"成吉思汗幼子"}]},{"level":2,"nodes":[{"name":"蒙哥汗","title":"大汗"},{"name":"忽必烈","title":"元世祖"},{"name":"旭烈兀","title":"伊利汗国"}]},{"level":3,"nodes":[{"name":"真金","title":"太子"}]},{"level":4,"nodes":[{"name":"铁穆耳","title":"元成宗"}]}]',
8, 'cv-yuan');

INSERT INTO ruler (id, dynasty_id, title, name, reign_start, reign_end, relation, achievements) VALUES
(129, 8, '元世祖', '忽必烈', '1260', '1294', '开国', '建元朝，统一中国'),
(130, 8, '元成宗', '铁穆耳', '1294', '1307', '世祖孙', '维持稳定，停止征伐'),
(131, 8, '元仁宗', '爱育黎拔力八达', '1311', '1320', '武宗弟', '恢复科举，推崇儒学'),
(132, 8, '元英宗', '硕德八剌', '1320', '1323', '仁宗子', '南坡之变中被弑'),
(133, 8, '元文宗', '图帖睦尔', '1328', '1332', '武宗子', '两都之战，文化推崇'),
(134, 8, '元惠宗', '妥懽帖睦尔', '1333', '1370', '明宗子', '末代，退据漠北');

INSERT INTO royal_member (dynasty_id, name, title, lifespan, role, description) VALUES
(8, '成吉思汗·铁木真', '蒙古帝国创立者', '1162-1227', '皇帝', '统一蒙古各部，建立大蒙古国。发动了世界历史上规模最大的征服战争。被尊为一代天骄。'),
(8, '元世祖·忽必烈', '元朝开国', '1215-1294', '皇帝', '成吉思汗之孙。建立元朝，统一中国。定都大都（北京），开凿大运河。'),
(8, '元仁宗·爱育黎拔力八达', '第四位皇帝', '1285-1320', '皇帝', '推崇儒学，恢复科举制度（延祐复科），调和蒙古统治与汉文化的矛盾。'),
(8, '元惠宗·妥懽帖睦尔', '末代皇帝', '1320-1370', '皇帝', '元朝最后一位皇帝，在位时间最长（33年）。1368年明军攻入大都后退往上都。');

-- ===== 9. 明朝 =====
INSERT INTO dynasty (id, name, surname, period, capital, founder, last_ruler, duration, year_start, year_end, summary, description, family_tree, sort_order, image_gradient)
VALUES (9, '明朝', '朱姓', '公元1368 - 1644', '应天（南京）/京师（北京）', '明太祖朱元璋', '明思宗朱由检', '276年', 1368, 1644,
'汉族重建的最后一个大一统王朝。',
'{"origins":"朱姓源自曹姓，是颛顼帝的后裔。周武王封曹挟于邾国（今山东邹城一带），战国时期邾国被楚国所灭，后人去阝旁以朱为氏。朱元璋的家族出身极为寒微，是中国历史上出身最低的开国皇帝之一。朱元璋幼年家境赤贫，曾为地主放牛。1344年濠州发生严重灾荒，父亲、母亲和大哥在短短十几天内先后饿死。朱元璋入皇觉寺为僧，后外出游方乞讨三年。","founding":"1351年元末红巾军起义爆发。1352年朱元璋投奔濠州郭子兴的红巾军。他采纳了朱升的建议——高筑墙，广积粮，缓称王。1368年正月，朱元璋在应天称帝，建国号大明，年号洪武。同年八月明军攻入大都，元朝结束。朱元璋在废除丞相制度，设五军都督府，推行卫所制度，严惩贪官。","zenith":"永乐盛世（1403-1424）：明成祖朱棣派郑和七次远航，最远到达东非和红海。迁都北京，修建故宫。编纂《永乐大典》。五次亲征漠北。仁宣之治（1424-1435）：明仁宗、明宣宗推行与民休息的政策，内阁制度逐步完善，三杨辅政。","decline":"明朝衰落是各种积弊长期累积的结果。宦官专权（王振、刘瑾、魏忠贤等）、特务统治（锦衣卫、东厂）、财政危机、党争激烈。明末小冰河期导致连年旱灾，农民起义爆发，李自成迅速发展壮大。1644年李自成攻破北京，崇祯皇帝在煤山自缢。明朝灭亡后，南明坚持至1662年。"}',
'[{"level":0,"nodes":[{"name":"明太祖朱元璋","title":"1368-1398"}]},{"level":1,"nodes":[{"name":"建文帝朱允炆","title":"太子之子"},{"name":"明成祖朱棣","title":"太祖第四子"}]},{"level":2,"nodes":[{"name":"明仁宗朱高炽","title":"1424-1425"}]},{"level":3,"nodes":[{"name":"明宣宗朱瞻基","title":"1425-1435"}]},{"level":4,"nodes":[{"name":"明思宗朱由检","title":"1627-1644，末代"}]}]',
9, 'cv-ming');

INSERT INTO ruler (id, dynasty_id, title, name, reign_start, reign_end, relation, achievements) VALUES
(135, 9, '明太祖', '朱元璋', '1368', '1398', '开国', '驱逐元朝，建明，洪武之治'),
(136, 9, '建文帝', '朱允炆', '1398', '1402', '太祖孙', '削藩失败，靖难之役'),
(137, 9, '明成祖', '朱棣', '1402', '1424', '太祖子', '郑和下西洋，迁都北京，永乐大典'),
(138, 9, '明仁宗', '朱高炽', '1424', '1425', '成祖子', '在位仅十月，仁宣之治开启'),
(139, 9, '明宣宗', '朱瞻基', '1425', '1435', '仁宗子', '仁宣之治，三杨辅政'),
(140, 9, '明英宗', '朱祁镇', '1435', '1464', '宣宗子', '土木堡被俘，夺门复辟'),
(141, 9, '明宪宗', '朱见深', '1464', '1487', '英宗子', '万贵妃专宠，设西厂'),
(142, 9, '明孝宗', '朱祐樘', '1487', '1505', '宪宗子', '弘治中兴，一夫一妻'),
(143, 9, '明世宗', '朱厚熜', '1521', '1567', '武宗堂弟', '嘉靖大礼议，倭寇之患'),
(144, 9, '明神宗', '朱翊钧', '1572', '1620', '穆宗子', '万历三大征，不上朝数十年'),
(145, 9, '明思宗', '朱由检', '1627', '1644', '熹宗弟', '勤政无力回天，煤山殉国');

INSERT INTO royal_member (dynasty_id, name, title, lifespan, role, description) VALUES
(9, '明太祖·朱元璋', '开国皇帝', '1328-1398', '皇帝', '从乞丐到皇帝，是中国历史上出身最低的帝王之一。在位期间整顿吏治、恢复经济、强化皇权。'),
(9, '明成祖·朱棣', '第三位皇帝', '1360-1424', '皇帝', '发动靖难之役夺取皇位。迁都北京、派郑和下西洋、编纂《永乐大典》、五征蒙古。'),
(9, '马皇后', '朱元璋皇后', '1332-1382', '皇后', '与朱元璋患难与共，以贤德仁厚著称。多次劝谏朱元璋保全功臣和百姓。'),
(9, '明孝宗·朱祐樘', '第九位皇帝', '1470-1505', '皇帝', '明朝唯一一位实行一夫一妻制的皇帝。在位十八年，勤政爱民，史称弘治中兴。'),
(9, '明思宗·朱由检', '末代皇帝', '1611-1644', '皇帝', '崇祯皇帝。在位十七年勤勉治国，无力挽救明末危机。李自成攻破北京后在煤山自缢。');

-- ===== 10. 清朝 =====
INSERT INTO dynasty (id, name, surname, period, capital, founder, last_ruler, duration, year_start, year_end, summary, description, family_tree, sort_order, image_gradient)
VALUES (10, '清朝', '爱新觉罗氏', '公元1636 - 1912', '盛京（沈阳）/京师（北京）', '清太宗皇太极', '宣统帝溥仪', '276年', 1636, 1912,
'中国最后一个封建王朝。',
'{"origins":"爱新觉罗氏是女真族的一支，属于建州女真部。据清朝官方史书《满洲源流考》记载，始祖是布库里雍顺。爱新觉罗在满语中，爱新（aisin）意为金子，觉罗（gioro）意为姓或族，因此意为金姓。明朝初期，建州女真部落在辽东地区活动。经过数代发展，爱新觉罗家族影响力不断扩大。1583年，明军在古勒城之战中误杀了努尔哈赤的祖父觉昌安和父亲塔克世，成为努尔哈赤起兵的导火索。","founding":"1583年，努尔哈赤以十三副遗甲起兵。他创建了八旗制度，创制满文。1616年称汗，建国号大金（后金）。1619年萨尔浒之战以六万兵力击败明朝十万大军。皇太极即位后改国号为清（1636年），改女真族称为满洲。1644年清军入关，顺治帝迁都北京。","zenith":"康乾盛世（康熙、雍正、乾隆三朝，约1661-1796）是中国历史上持续时间最长的盛世之一。康熙平定三藩、统一台湾、击败噶尔丹。雍正推行摊丁入亩、设军机处。乾隆十全武功、编纂《四库全书》，人口突破三亿。","decline":"清朝衰落始于乾隆后期。鸦片战争（1840-1842）中被英国击败，签订《南京条约》。太平天国起义（1850-1864）席卷半个中国。甲午战争（1894-1895）中被日本击败。戊戌变法仅百日即被镇压。1911年辛亥革命爆发，1912年2月12日宣统帝溥仪退位，清朝灭亡，中国两千余年封建帝制终结。"}',
'[{"level":0,"nodes":[{"name":"努尔哈赤","title":"清太祖"}]},{"level":1,"nodes":[{"name":"皇太极","title":"清太宗"}]},{"level":2,"nodes":[{"name":"顺治帝","title":"入关首位"}]},{"level":3,"nodes":[{"name":"康熙帝","title":"1654-1722"}]},{"level":4,"nodes":[{"name":"雍正帝","title":"1678-1735"}]},{"level":5,"nodes":[{"name":"乾隆帝","title":"1711-1799"}]},{"level":6,"nodes":[{"name":"溥仪","title":"末代"}]}]',
11, 'cv-qing');

INSERT INTO ruler (id, dynasty_id, title, name, reign_start, reign_end, relation, achievements) VALUES
(146, 10, '清太祖', '努尔哈赤', '1616', '1626', '后金奠基', '统一女真，创八旗制度'),
(147, 10, '清太宗', '皇太极', '1626', '1643', '太祖第八子', '改国号为清'),
(148, 10, '清世祖', '福临（顺治）', '1643', '1661', '太宗子', '入关第一位皇帝'),
(149, 10, '清圣祖', '玄烨（康熙）', '1661', '1722', '世祖子', '康乾盛世，在位最长'),
(150, 10, '清世宗', '胤禛（雍正）', '1722', '1735', '圣祖子', '摊丁入亩，设军机处'),
(151, 10, '清高宗', '弘历（乾隆）', '1735', '1796', '世宗子', '十全武功，四库全书'),
(152, 10, '清仁宗', '颙琰（嘉庆）', '1796', '1820', '高宗子', '平定白莲教'),
(153, 10, '清宣宗', '旻宁（道光）', '1820', '1850', '仁宗子', '鸦片战争失败'),
(154, 10, '清文宗', '奕詝（咸丰）', '1850', '1861', '宣宗子', '太平天国、英法联军'),
(155, 10, '清德宗', '载湉（光绪）', '1875', '1908', '醇亲王之子', '戊戌变法，被囚禁'),
(156, 10, '末代帝', '溥仪（宣统）', '1908', '1912', '醇亲王之子', '退位，帝制终结');

INSERT INTO royal_member (dynasty_id, name, title, lifespan, role, description) VALUES
(10, '清太祖·努尔哈赤', '后金奠基者', '1559-1626', '皇帝', '统一女真各部，创建八旗制度。萨尔浒之战击败明军，为清朝入主中原奠定基础。'),
(10, '清太宗·皇太极', '清朝建立者', '1592-1643', '皇帝', '努尔哈赤第八子。改国号为清，改族名为满洲。完善八旗制度，重用汉臣。'),
(10, '清圣祖·康熙', '第四位皇帝', '1654-1722', '皇帝', '八岁即位，十四岁亲政。在位六十一年，平定三藩、统一台湾、击败噶尔丹、签订《尼布楚条约》。'),
(10, '清世宗·雍正', '第五位皇帝', '1678-1735', '皇帝', '康熙第四子。勤勉治国，摊丁入亩、设军机处、整顿吏治。'),
(10, '清高宗·乾隆', '第六位皇帝', '1711-1799', '皇帝', '雍正第四子。十全武功使清朝疆域达到极盛。晚年宠信和珅。'),
(10, '慈禧太后', '同治母后', '1835-1908', '太后', '清朝晚期的实际统治者。垂帘听政四十七年。'),
(10, '宣统帝·溥仪', '末代皇帝', '1906-1967', '皇帝', '三岁即位，六岁退位。后被改造为普通公民，著有《我的前半生》。');

-- ===== 重置序列 =====
ALTER TABLE dynasty ALTER COLUMN id RESTART WITH 12;
ALTER TABLE ruler ALTER COLUMN id RESTART WITH 163;


-- ===== 三国 =====
INSERT INTO dynasty (id, name, surname, period, capital, founder, last_ruler, duration, year_start, year_end, summary, description, family_tree, sort_order, image_gradient)
VALUES (11, '三国', '曹氏/刘氏/孙氏', '公元220 - 280', '洛阳/成都/建业', '曹丕（魏）/刘备（蜀）/孙权（吴）', '曹奂（魏）/刘禅（蜀）/孙皓（吴）', '60年', 220, 280,
'魏蜀吴三国鼎立，英雄辈出的时代。',
'{"origins":"三国时期始于220年曹丕篡汉建魏，终于280年西晋灭吴统一全国。东汉末年，黄巾起义（184年）后天下大乱，群雄割据。经过数十年的兼并战争，最终形成魏蜀吴三国鼎立的局面。曹操挟天子以令诸侯，统一北方；刘备以汉室宗亲自居，在诸葛亮辅佐下占据益州建立蜀汉；孙权继承父兄基业，据有江东。","founding":"220年，曹丕逼汉献帝禅让，建立曹魏，定都洛阳，东汉正式灭亡。221年，刘备在成都称帝，延续汉统，史称蜀汉。229年，孙权在建业称帝，建立孙吴。三国鼎立局面正式形成。","zenith":"三国鼎立时期虽然战乱不断，但三国内部均有一定程度的发展。曹魏推行屯田制，兴修水利，恢复北方经济。蜀汉诸葛亮推行法治，平定南中，六出祁山。东吴开发江南，发展海外贸易，派卫温到达夷洲（台湾）。文化上出现了建安文学，曹操父子、建安七子等名家辈出。","decline":"曹魏后期司马懿发动高平陵之变夺权，其子孙司马师、司马昭相继掌权。263年司马昭派钟会、邓艾伐蜀，刘禅投降，蜀汉灭亡。265年司马炎逼曹奂禅让，建立西晋。280年晋灭吴，孙皓投降，三国时代结束。"}',
'[{"level":0,"nodes":[{"name":"曹操","title":"魏武帝"}]},{"level":1,"nodes":[{"name":"曹丕","title":"魏文帝"}]},{"level":2,"nodes":[{"name":"刘备","title":"蜀汉昭烈帝"}]},{"level":2,"nodes":[{"name":"孙权","title":"吴大帝"}]}]',
3, 'cv-sanguo');

INSERT INTO ruler (id, dynasty_id, title, name, reign_start, reign_end, relation, achievements) VALUES
(157, 11, '魏武帝（追尊）', '曹操', '196', '220', '东汉丞相', '统一北方，奠基曹魏'),
(158, 11, '魏文帝', '曹丕', '220', '226', '曹操子', '篡汉建魏，行九品中正制'),
(159, 11, '魏明帝', '曹叡', '226', '239', '曹丕子', '抵御诸葛亮北伐'),
(160, 11, '汉昭烈帝', '刘备', '221', '223', '汉景帝后裔', '建立蜀汉，夷陵之战'),
(161, 11, '蜀汉后主', '刘禅', '223', '263', '刘备子', '诸葛亮辅政，降魏亡国'),
(162, 11, '吴大帝', '孙权', '229', '252', '孙坚次子', '建立东吴，开发江南');

INSERT INTO royal_member (dynasty_id, name, title, lifespan, role, description) VALUES
(11, '魏武帝·曹操', '乱世奸雄', '155-220', '皇帝', '东汉末年杰出的政治家、军事家、文学家。挟天子令诸侯，统一北方。著有《短歌行》等名篇。'),
(11, '蜀汉昭烈帝·刘备', '仁德之君', '161-223', '皇帝', '自称汉景帝后裔。以仁德著称，三顾茅庐请诸葛亮出山。建立蜀汉政权。'),
(11, '吴大帝·孙权', '江东霸主', '182-252', '皇帝', '继承父兄基业，赤壁之战联合刘备击败曹操。善于用人。'),
(11, '诸葛亮', '卧龙', '181-234', '名臣', '三国时期蜀汉丞相，杰出的政治家、军事家、发明家。辅佐刘备建立蜀汉，受托孤之重，六出祁山北伐曹魏。'),
(11, '关羽', '武圣', '?-220', '大将', '蜀汉名将，忠义化身。与刘备张飞桃园结义。水淹七军威震华夏。后被东吴所杀。'),
(11, '司马懿', '冢虎', '179-251', '名臣', '曹魏权臣，发动高平陵之变夺取曹魏大权，为其孙司马炎建立晋朝奠定基础。');
