-- ===== 清空数据 =====
DELETE FROM royal_member;
DELETE FROM ruler;
DELETE FROM dynasty;

-- ===== 1. 秦朝 =====
INSERT INTO dynasty (id, name, surname, period, capital, founder, last_ruler, duration, year_start, year_end, summary, description, family_tree, sort_order, image_gradient)
VALUES (1, '秦朝', '嬴姓 · 赵氏', '公元前221 - 前207', '咸阳', '秦始皇嬴政', '子婴', '15年', -221, -207,
'中国历史上第一个大一统王朝，开创帝制时代。',
'{"origins":"嬴姓的起源可追溯至上古五帝时代。据《史记·秦本纪》记载，秦的祖先是颛顼帝的后裔——女修。女修吞玄鸟卵而生大业，大业之子大费（即伯益）因辅佐大禹治水有功，被舜帝赐姓为嬴。嬴姓部族在夏商时期辗转迁徙。至商朝末年，部族首领蜚廉、恶来以勇力著称，服务于商纣王。周灭商后，嬴姓部族沦为附庸，被西迁至西北边疆，与西戎杂处。转折点出现在周孝王时期（约前9世纪）。嬴姓后人非子因善养马，被周孝王封于秦地（今甘肃天水一带），号为秦嬴，秦由此成为周王室的附庸国。","founding":"秦国的崛起始于秦孝公时期（前361-前338）。孝公任用商鞅推行变法：废井田、开阡陌，奖励军功，推行县制，统一度量衡。商鞅变法使秦国从一个边陲弱国迅速转变为军事强国。此后秦王嬴政于前247年即位，时年仅十三岁。前238年亲政后，平定嫪毐叛乱，罢黜权臣吕不韦，随即开启统一战争。从前230年灭韩开始，到前221年灭齐结束，十年间先后灭掉韩、赵、魏、楚、燕、齐六国，完成了中国历史上第一次真正意义上的大一统。","zenith":"秦朝的鼎盛即统一后到秦始皇去世前的十一年（前221-前210）。这一时期，秦朝控制了西起陇西、东至辽东、北达阴山、南抵岭南的广阔疆域，是中国历史上第一个真正的大一统帝国。在制度建设方面，秦朝实现了前所未有的中央集权：郡县制——全国设三十六郡（后增至四十余郡），郡县长官由中央直接任免；标准化——以小篆作为标准字体，以秦半两钱为统一货币；律令体系——以法家思想为指导，推行严密的成文法体系。","decline":"秦朝的崩溃是多种因素叠加的结果，其速度之快在中国历史上极为罕见——统一到灭亡仅仅十五年。内部危机：法家路线极端化，刑罚过于严酷；赋役沉重，修长城、建宫室，征发数百万劳动力；继承危机——秦始皇未立太子，去世后赵高、李斯篡改遗诏，导致扶苏自杀、胡亥即位。外部压力：前209年陈胜、吴广在大泽乡揭竿而起；六国贵族纷纷起兵复国。前207年，巨鹿之战项羽大败秦军主力；同年刘邦攻入武关，子婴投降，秦朝灭亡。"}',
'[{"level":0,"nodes":[{"name":"秦庄襄王","title":"嬴子楚"}]},{"level":1,"nodes":[{"name":"秦始皇","title":"嬴政"}]},{"level":2,"nodes":[{"name":"扶苏","title":"长子"},{"name":"秦二世","title":"胡亥"}]},{"level":3,"nodes":[{"name":"子婴","title":"扶苏之子"}]}]',
1, 'cv-qin');

INSERT INTO ruler (dynasty_id, title, name, reign_start, reign_end, relation, achievements) VALUES
(1, '秦始皇', '嬴政', '前221', '前210', '开国', '统一六国，建立帝制，推行郡县制，统一文字度量衡'),
(1, '秦二世', '胡亥', '前210', '前207', '秦始皇少子', '诛杀兄弟姐妹，信用赵高，加剧暴政'),
(1, '秦王子婴', '子婴', '前207', '前207', '扶苏之子', '杀赵高，降刘邦，后被项羽杀害');

INSERT INTO royal_member (dynasty_id, name, title, lifespan, role, description) VALUES
(1, '秦始皇·嬴政', '始皇帝', '前259-前210', '皇帝', '中国历史上第一位皇帝。统一六国，创立帝制，推行书同文、车同轨。其功过皆极突出，被誉为千古一帝，也被批评为暴君。'),
(1, '扶苏', '秦始皇长子', '?-前210', '皇子', '秦始皇长子，为人仁厚，因劝谏坑儒被派往上郡监蒙恬军。秦始皇去世后，赵高、李斯伪造诏书逼其自杀，改立胡亥。'),
(1, '秦二世·胡亥', '二世皇帝', '前230-前207', '皇帝', '秦始皇少子。在赵高策划下即位，继位后诛杀兄弟姐妹二十余人，信用赵高，政事荒废。'),
(1, '子婴', '秦三世', '?-前207', '皇帝', '秦始皇之孙（扶苏之子）。赵高杀胡亥后被立为秦王。在位仅46天便设计诛杀赵高。刘邦入关中时投降，后被项羽杀害。');

-- ===== 2. 汉朝 =====
INSERT INTO dynasty (id, name, surname, period, capital, founder, last_ruler, duration, year_start, year_end, summary, description, family_tree, sort_order, image_gradient)
VALUES (2, '汉朝', '刘姓', '公元前202 - 公元220', '长安（西汉）/洛阳（东汉）', '汉高祖刘邦', '汉献帝刘协', '405年', -202, 220,
'四百年基业，奠定汉民族文化认同。',
'{"origins":"刘姓是中国历史上产生皇帝最多的姓氏。据刘姓宗室自述，其远祖可追溯至尧帝。尧帝的后裔被封于刘地（今河北唐县一带），其后人以邑为氏，遂有刘姓。夏朝时期，刘姓的一支——御龙氏，以善于养龙（驯马）著称。刘邦的祖父刘清、父亲刘太公（刘煓）都是普通农民，以耕作为生。刘邦本人年轻时曾任泗水亭长（基层治安官），不事生产，却胸怀大志。这种寒微出身使他成为中国历史上极少数从平民跃升为开国皇帝的典范。","founding":"前209年，陈胜吴广起义爆发后，刘邦在沛县响应起义，被推举为沛公。他最初投靠项梁，与项羽结为盟友。前207年，刘邦率军攻入咸阳，秦王子婴投降。前206年，刘邦明修栈道暗度陈仓，从汉中杀回关中，楚汉战争由此爆发。这场战争持续四年，刘邦在韩信、张良、萧何的辅佐下，于前202年垓下之战中击败项羽。项羽自刎乌江，刘邦即皇帝位，定国号为汉，定都长安。","zenith":"汉朝分为西汉和东汉两个时期。西汉鼎盛——汉武帝时期（前141-前87）：卫青、霍去病三次大规模出击匈奴，彻底解除北方边患。张骞出使西域，开辟丝绸之路。推行推恩令，削弱诸侯王势力；独尊儒术，确立儒家正统地位。东汉鼎盛——明章之治（公元57-88年）：汉明帝、汉章帝励精图治。班超经营西域三十年；班固撰写《汉书》；蔡伦改进造纸术。","decline":"西汉衰落：土地兼并严重，外戚专权，王莽最终篡汉建新（公元8年）。东汉衰落：幼帝即位频繁，外戚与宦官交替专权。党锢之祸使统治阶层分裂。黄巾起义（184年）动摇统治根基。公元220年，曹丕逼汉献帝禅让，建立曹魏。刘氏在中原的统治终结，但蜀汉刘备延续至263年。"}',
'[{"level":0,"nodes":[{"name":"汉高祖刘邦","title":"开国"}]},{"level":1,"nodes":[{"name":"汉惠帝刘盈","title":"第二代"},{"name":"汉文帝刘恒","title":"第四子"}]},{"level":2,"nodes":[{"name":"汉景帝刘启","title":"文帝子"}]},{"level":3,"nodes":[{"name":"汉武帝刘彻","title":"景帝子"}]},{"level":4,"nodes":[{"name":"… 延续至东汉 …","title":""}]},{"level":5,"nodes":[{"name":"汉光武帝刘秀","title":"长沙王刘发之后"}]}]',
2, 'cv-han');

INSERT INTO ruler (dynasty_id, title, name, reign_start, reign_end, relation, achievements) VALUES
(2, '汉高祖', '刘邦', '前202', '前195', '开国', '建立汉朝，郡国并行，休养生息'),
(2, '汉惠帝', '刘盈', '前195', '前188', '高祖子', '柔弱仁厚，吕后专权'),
(2, '汉文帝', '刘恒', '前180', '前157', '高祖第四子', '文景之治开端，轻徭薄赋'),
(2, '汉景帝', '刘启', '前157', '前141', '文帝子', '平定七国之乱，文景之治'),
(2, '汉武帝', '刘彻', '前141', '前87', '景帝子', '北击匈奴，独尊儒术，丝绸之路'),
(2, '汉昭帝', '刘弗陵', '前87', '前74', '武帝子', '霍光辅政，恢复国力'),
(2, '汉宣帝', '刘询', '前74', '前49', '武帝曾孙', '昭宣中兴，西域都护建立'),
(2, '汉光武帝', '刘秀', '25', '57', '西汉宗室', '建立东汉，光武中兴'),
(2, '汉明帝', '刘庄', '57', '75', '光武帝子', '明章之治，佛教传入'),
(2, '汉献帝', '刘协', '189', '220', '灵帝子', '末代皇帝，被曹操控制，禅让曹丕');

INSERT INTO royal_member (dynasty_id, name, title, lifespan, role, description) VALUES
(2, '汉高祖·刘邦', '开国皇帝', '前256-前195', '皇帝', '从平民到皇帝，知人善任，重用张良、萧何、韩信。建立汉朝，奠定四百年基业。'),
(2, '汉武帝·刘彻', '第七位皇帝', '前157-前87', '皇帝', '雄才大略，北逐匈奴、南平百越、东定朝鲜、西通西域。独尊儒术，奠定两千年思想格局。'),
(2, '汉光武帝·刘秀', '东汉开国', '前5-57', '皇帝', '刘氏宗室后裔，新末乱世中崛起，昆阳之战以少胜多。建立东汉，定都洛阳，史称光武中兴。'),
(2, '吕后·吕雉', '汉高祖皇后', '前241-前180', '皇后', '中国历史上第一位临朝称制的女性。刘邦去世后掌握实权十六年，延续了黄老治国、休养生息的国策。'),
(2, '汉献帝·刘协', '末代皇帝', '181-234', '皇帝', '东汉最后一位皇帝，一生被董卓、曹操等权臣控制。曹丕建魏后被逼禅让，封山阳公，得以善终。');

-- ===== 3. 晋朝 =====
INSERT INTO dynasty (id, name, surname, period, capital, founder, last_ruler, duration, year_start, year_end, summary, description, family_tree, sort_order, image_gradient)
VALUES (3, '晋朝', '司马氏', '公元265 - 420', '洛阳（西晋）/建康（东晋）', '晋武帝司马炎', '晋恭帝司马德文', '155年', 265, 420,
'士族门阀政治的鼎盛时期。',
'{"origins":"司马氏源出姬姓，是周王室的分支。周宣王时期，程伯休父任司马（掌管军事的官职），因功被赐姓司马，其后人即以官为氏。东汉末年，司马钧、司马量、司马隽三代在边郡任职，积累了声望。至司马防时，曾任京兆尹。司马防有八子，时称司马八达，其中司马朗、司马懿最为著名。司马懿（179-251）是司马氏家族命运的转折人物，在曹操时代出仕，曹叡时期多次率军抵御诸葛亮北伐。曹芳即位后，司马懿于249年发动高平陵之变，诛杀曹爽一党，彻底掌握了曹魏政权。","founding":"司马懿去世后，其子司马师、司马昭相继掌权。司马昭灭蜀汉（263年），进位晋王。265年，司马炎效仿曹丕代汉的故事，逼魏元帝曹奂禅让，建立晋朝，定都洛阳，史称西晋。280年，西晋灭东吴，统一全国。","zenith":"西晋的鼎盛时期是晋武帝在位后期（约280-290年），史称太康之治。统一天下后，西晋版图北至辽东、西达西域、南抵交州。占田课田制的推行使农业产量回升。文化繁荣，出现了以左思《三都赋》为代表的文学成就，洛阳纸贵的典故即源于此。","decline":"八王之乱（291-306）：晋惠帝即位后，贾后干政引发政治清洗，宗室诸王卷入混战，整个中原陷入长达十六年的内战。五胡乱华：八王之乱期间，内迁的匈奴、鲜卑、羯、氐、羌等少数民族纷纷起兵。311年，匈奴刘聪攻陷洛阳，俘虏晋怀帝，史称永嘉之乱。316年，刘曜攻陷长安，西晋灭亡。420年，刘裕逼晋恭帝司马德文禅让，建立刘宋。"}',
'[{"level":0,"nodes":[{"name":"司马懿","title":"追尊宣帝"}]},{"level":1,"nodes":[{"name":"司马师","title":"追尊景帝"},{"name":"司马昭","title":"追尊文帝"}]},{"level":2,"nodes":[{"name":"晋武帝司马炎","title":"开国"}]},{"level":3,"nodes":[{"name":"晋元帝司马睿","title":"东晋开国"}]}]',
3, 'cv-jin');

INSERT INTO ruler (dynasty_id, title, name, reign_start, reign_end, relation, achievements) VALUES
(3, '晋武帝', '司马炎', '265', '290', '开国', '灭吴统一，太康之治'),
(3, '晋惠帝', '司马衷', '290', '307', '武帝子', '弱智皇帝，八王之乱爆发'),
(3, '晋怀帝', '司马炽', '307', '313', '武帝子', '永嘉之乱，被刘聪俘虏'),
(3, '晋愍帝', '司马邺', '313', '316', '武帝孙', '长安陷落，西晋灭亡'),
(3, '晋元帝', '司马睿', '318', '323', '懿曾孙', '建立东晋，王导辅政'),
(3, '晋明帝', '司马绍', '323', '325', '元帝子', '平定王敦之乱'),
(3, '晋孝武帝', '司马曜', '372', '396', '简文帝子', '淝水之战大败前秦'),
(3, '晋恭帝', '司马德文', '419', '420', '安帝弟', '禅让刘裕，晋朝灭亡');

INSERT INTO royal_member (dynasty_id, name, title, lifespan, role, description) VALUES
(3, '晋宣帝·司马懿', '追尊', '179-251', '奠基者', '三国时期魏国重臣，多次成功抵御诸葛亮北伐。发动高平陵之变，奠定司马氏代魏基础。'),
(3, '晋武帝·司马炎', '开国皇帝', '236-290', '皇帝', '逼魏帝禅让建立晋朝，灭东吴统一全国。开创太康之治，但晚年昏聩。'),
(3, '晋惠帝·司马衷', '第二位皇帝', '259-307', '皇帝', '智力低下，名言何不食肉糜即出自其口。在位期间爆发八王之乱。'),
(3, '晋元帝·司马睿', '东晋开国', '276-322', '皇帝', '司马懿曾孙。西晋灭亡后在建康重建晋朝，但皇权软弱，形成王与马共天下的局面。');

-- ===== 4. 南北朝 =====
INSERT INTO dynasty (id, name, surname, period, capital, founder, last_ruler, duration, year_start, year_end, summary, description, family_tree, sort_order, image_gradient)
VALUES (4, '南北朝', '多家族并立', '公元420 - 589', '建康·平城·洛阳·邺', '刘裕（刘宋）', '陈后主陈叔宝', '169年', 420, 589,
'南北对峙，多个皇室家族轮番登场。',
'{"origins":"南北朝时期是中国历史上政权更迭最频繁、皇室家族最多的时期之一。此时期南方与北方各有数个王朝兴替，涉及刘、萧、陈、拓跋（元）、高、宇文等多个家族。南朝刘氏（宋）：刘裕自称是汉高祖刘邦弟楚元王刘交之后，但实为寒门出身。南朝萧氏（齐、梁）：萧氏系出兰陵（今山东枣庄），自称西汉萧何之后。南朝陈氏（陈）：陈霸先出身寒微，自称颍川陈氏之后。北朝拓跋氏（北魏）：拓跋氏是鲜卑族部落贵族，源出大兴安岭一带。","founding":"南朝宋（420-479）：刘裕出身寒门，在孙恩起义、桓玄之乱中逐步崛起，北伐南燕、后秦，420年逼晋恭帝禅让建宋。北魏（386-534）：拓跋珪重建代国，拓跋焘统一北方。孝文帝迁都洛阳，推行全面汉化改革，改拓跋姓为元。北周（557-581）：宇文泰在西魏执政，其子宇文觉建立北周，最终由杨坚代周建立隋朝。","zenith":"北魏孝文帝改革（471-499）：迁都洛阳，全面汉化——改汉姓、穿汉服、说汉语、与汉族通婚。推行均田制和三长制。梁武帝前期（502-547）：江南经济文化繁荣，出现了以萧统、沈约、刘勰为代表的文学群体。《昭明文选》《文心雕龙》等文学巨著诞生。","decline":"北魏衰落：六镇起义（523年）沉重打击了北魏统治。北魏分裂为东魏和西魏。北周灭北齐（577年），统一北方。侯景之乱（548-552）摧毁了南梁的统治基础。589年，隋军杨广率51万大军南下，陈后主被俘，南北朝时代终结。"}',
'[{"level":0,"nodes":[{"name":"刘裕","title":"刘宋"}]},{"level":1,"nodes":[{"name":"萧道成","title":"南齐"}]},{"level":2,"nodes":[{"name":"萧衍","title":"南梁"}]},{"level":3,"nodes":[{"name":"陈霸先","title":"陈朝"}]},{"level":4,"nodes":[{"name":"拓跋珪","title":"北魏"}]},{"level":5,"nodes":[{"name":"东魏→北齐","title":"高氏"},{"name":"西魏→北周","title":"宇文氏"}]}]',
4, 'cv-nanbei');

INSERT INTO ruler (dynasty_id, title, name, reign_start, reign_end, relation, achievements) VALUES
(4, '宋武帝', '刘裕', '420', '422', '刘宋开国', '开国，北伐功绩卓著'),
(4, '宋文帝', '刘义隆', '424', '453', '武帝子', '元嘉之治，北伐失利'),
(4, '梁武帝', '萧衍', '502', '549', '南梁开国', '在位最久，崇佛，侯景之乱'),
(4, '陈后主', '陈叔宝', '582', '589', '陈朝末代', '荒淫亡国'),
(4, '北魏道武帝', '拓跋珪', '386', '409', '北魏开国', '重建代国，建魏称帝'),
(4, '北魏孝文帝', '元宏', '471', '499', '第七位皇帝', '迁都洛阳，全面汉化'),
(4, '北周武帝', '宇文邕', '560', '578', '第三位皇帝', '灭北齐统一北方');

INSERT INTO royal_member (dynasty_id, name, title, lifespan, role, description) VALUES
(4, '宋武帝·刘裕', '刘宋开国', '363-422', '皇帝', '出身寒门，以北伐功绩著称。建立刘宋，在位期间精简税收、整顿吏治，是南朝最有作为的开国皇帝。'),
(4, '梁武帝·萧衍', '南梁开国', '464-549', '皇帝', '博学多才，在位四十八年，前期政治清明，晚年崇佛误国。侯景之乱中被困台城饿死。'),
(4, '北魏孝文帝·元宏', '第七位皇帝', '467-499', '皇帝', '五岁即位，亲政后推行全面汉化改革，迁都洛阳，促进民族融合。'),
(4, '北周武帝·宇文邕', '第三位皇帝', '543-578', '皇帝', '韬光养晦后除掉权臣宇文护。灭佛强国，灭北齐统一北方。');

-- ===== 5. 隋朝 =====
INSERT INTO dynasty (id, name, surname, period, capital, founder, last_ruler, duration, year_start, year_end, summary, description, family_tree, sort_order, image_gradient)
VALUES (5, '隋朝', '杨姓', '公元581 - 618', '大兴（长安）', '隋文帝杨坚', '隋恭帝杨侑', '37年', 581, 618,
'短暂而辉煌，承南北朝启大唐。',
'{"origins":"杨氏自称是周朝王室的后裔。周王室姓姬，其中一支被封为杨侯，建立杨国（今山西洪洞一带）。春秋时期杨国被晋国所灭，其后人以国为氏，姓杨。两汉时期，杨氏家族涌现了多位名人，如杨雄（西汉辞赋家）、杨震（东汉名臣）。杨坚的父亲杨忠是西魏八柱国之一、北周重臣，被封为随国公。杨坚继承了随国公爵位，他的女儿嫁给了北周宣帝宇文赟为皇后。值得说明的是，隋这个国号源自杨坚的爵位随国公。","founding":"杨坚的崛起得益于北周宣帝宇文赟的荒淫暴虐。宣帝去世后，年仅七岁的静帝宇文阐即位，杨坚以皇帝外祖父的身份辅政。581年，杨坚逼北周静帝禅让，建立隋朝，改元开皇。589年，隋军51万大军南下伐陈，攻入建康，俘获陈后主，结束了近三百年的分裂局面。隋文帝在位期间被称为开皇之治，开创科举制度雏形，推行均田制，改定刑律。","zenith":"隋朝的鼎盛期为隋文帝的开皇年间（581-604）和隋炀帝的大业前期（605-610）。开皇之治期间社会经济快速恢复，天下储积可供五十年之用。大业前期隋炀帝开凿大运河，连接南北；营建东都洛阳；创立进士科，科举制度正式确立。","decline":"隋朝的覆灭与秦朝惊人相似——同为短命统一王朝，同样因滥用民力而迅速崩溃。隋炀帝在位期间，修运河、建东都、三征高句丽，征发民夫数百万人次。611年王薄起义拉开隋末民变序幕。618年，隋炀帝在江都被宇文化及缢杀。同年李渊在长安建立唐朝。"}',
'[{"level":0,"nodes":[{"name":"杨忠","title":"随国公"}]},{"level":1,"nodes":[{"name":"隋文帝杨坚","title":"开国"}]},{"level":2,"nodes":[{"name":"杨勇","title":"废太子"},{"name":"隋炀帝杨广","title":"604-618"}]},{"level":3,"nodes":[{"name":"杨昭","title":"元德太子"}]},{"level":4,"nodes":[{"name":"隋恭帝杨侑","title":"傀儡"}]}]',
5, 'cv-sui');

INSERT INTO ruler (dynasty_id, title, name, reign_start, reign_end, relation, achievements) VALUES
(5, '隋文帝', '杨坚', '581', '604', '代周建隋', '开皇之治，灭陈统一，创立科举'),
(5, '隋炀帝', '杨广', '604', '618', '文帝次子', '开凿大运河，三征高句丽'),
(5, '隋恭帝', '杨侑', '617', '618', '炀帝孙', '李渊立为傀儡，禅让唐朝');

INSERT INTO royal_member (dynasty_id, name, title, lifespan, role, description) VALUES
(5, '隋文帝·杨坚', '开国皇帝', '541-604', '皇帝', '代周建隋，灭陈统一全国。开创开皇之治，创立科举制度。勤政节俭，被北方少数民族称为圣人可汗。'),
(5, '文献皇后·独孤伽罗', '杨坚皇后', '544-602', '皇后', '北周名将独孤信之女。与杨坚感情深厚，参与朝政，宫中称二圣。'),
(5, '隋炀帝·杨广', '第二位皇帝', '569-618', '皇帝', '杨坚次子。开凿大运河、营建东都、创立科举、三征高句丽。功过极为突出。');

-- ===== 6. 唐朝 =====
INSERT INTO dynasty (id, name, surname, period, capital, founder, last_ruler, duration, year_start, year_end, summary, description, family_tree, sort_order, image_gradient)
VALUES (6, '唐朝', '李姓', '公元618 - 907', '长安', '唐高祖李渊', '唐哀帝李柷', '289年', 618, 907,
'中国历史上最辉煌的王朝之一。',
'{"origins":"唐朝李氏自称是老子李耳（道家创始人）的后裔。李氏家族在南北朝时期属于关陇军事贵族集团。李渊的祖父李虎是西魏八柱国之一，被封为唐国公。李渊的母亲是独孤信之女（即隋文帝杨坚的独孤皇后的姐妹），因此李渊与隋炀帝杨广是表兄弟关系。","founding":"隋末天下大乱，李渊时任太原留守，在次子李世民的劝进下，于617年在太原起兵。618年，隋炀帝在江都被杀后，李渊逼隋恭帝杨侑禅让，建立唐朝，改元武德，定都长安。唐初经过七年征战，先后平定各方势力。其中最关键的战役是李世民指挥的虎牢关之战（621年），一举击败王世充和窦建德联军。","zenith":"唐朝的鼎盛以贞观之治和开元盛世为两大高峰。贞观之治（627-649）：唐太宗李世民以隋亡为鉴，推行去奢省费、轻徭薄赋的方针。任用房玄龄、杜如晦、魏徵等贤臣。击败东突厥，被尊称为天可汗。开元盛世（713-741）：唐玄宗李隆基在位前期励精图治，政治清明、经济繁荣、文化昌盛，唐诗进入黄金时代（李白、杜甫、王维等）。","decline":"安史之乱（755-763）是唐朝由盛转衰的标志性转折。755年安禄山起兵反唐，叛军攻陷洛阳、长安，唐玄宗逃往四川。安史之乱后藩镇割据、宦官专权、朋党之争成为三大顽疾。875年黄巢起义给唐朝统治以致命打击。907年，朱温逼唐哀帝李柷禅让，建立后梁，唐朝灭亡。"}',
'[{"level":0,"nodes":[{"name":"李渊","title":"唐高祖"}]},{"level":1,"nodes":[{"name":"李世民","title":"唐太宗"}]},{"level":2,"nodes":[{"name":"李治","title":"唐高宗"}]},{"level":3,"nodes":[{"name":"李隆基","title":"唐玄宗"}]},{"level":4,"nodes":[{"name":"李柷","title":"唐哀帝，末代"}]}]',
6, 'cv-tang');

INSERT INTO ruler (dynasty_id, title, name, reign_start, reign_end, relation, achievements) VALUES
(6, '唐高祖', '李渊', '618', '626', '开国', '太原起兵，建立唐朝'),
(6, '唐太宗', '李世民', '626', '649', '高祖次子', '贞观之治，天可汗'),
(6, '唐高宗', '李治', '649', '683', '太宗子', '灭高句丽，武后干政'),
(6, '武则天', '武曌', '690', '705', '改唐为周', '中国唯一女皇'),
(6, '唐玄宗', '李隆基', '712', '756', '睿宗子', '开元盛世，安史之乱'),
(6, '唐肃宗', '李亨', '756', '762', '玄宗子', '灵武即位，平叛安史'),
(6, '唐宪宗', '李纯', '805', '820', '顺宗子', '元和中兴，削平藩镇'),
(6, '唐宣宗', '李忱', '846', '859', '宪宗子', '大中之治，晚唐最后之光芒'),
(6, '唐哀帝', '李柷', '904', '907', '昭宗子', '朱温所立，禅让后梁');

INSERT INTO royal_member (dynasty_id, name, title, lifespan, role, description) VALUES
(6, '唐太宗·李世民', '第二位皇帝', '598-649', '皇帝', '玄武门之变登基。开创贞观之治，被后世视为千古一帝。以善于纳谏、知人善任著称。'),
(6, '唐玄宗·李隆基', '第六位皇帝', '685-762', '皇帝', '开元盛世的开创者，也是安史之乱的经历者。前半生英明神武，后半生宠爱杨贵妃。'),
(6, '女皇·武则天', '中国唯一女皇', '624-705', '皇帝', '唐高宗皇后，690年废唐建周，成为中国历史上唯一正式称帝的女性。'),
(6, '唐高祖·李渊', '开国皇帝', '566-635', '皇帝', '太原起兵建立唐朝。在位九年后被李世民逼退位为太上皇。'),
(6, '杨贵妃·杨玉环', '玄宗贵妃', '719-756', '妃子', '中国古代四大美女之一。安史之乱中在马嵬坡被逼自缢，成为盛唐转衰的悲剧符号。');

-- ===== 7. 宋朝 =====
INSERT INTO dynasty (id, name, surname, period, capital, founder, last_ruler, duration, year_start, year_end, summary, description, family_tree, sort_order, image_gradient)
VALUES (7, '宋朝', '赵姓', '公元960 - 1279', '开封（北宋）/临安（南宋）', '宋太祖赵匡胤', '宋末帝赵昺', '319年', 960, 1279,
'文治极盛，经济文化空前繁荣。',
'{"origins":"赵姓出自嬴姓，与秦国王室同源。赵氏始祖是西周时期造父（嬴姓），因善于驾车有功，被周穆王封于赵城（今山西洪洞北），其后人以邑为氏，姓赵。宋朝皇室自称是赵国王室后裔。赵匡胤的高祖赵朓、曾祖赵珽、祖父赵敬在唐朝做地方官。赵匡胤生于洛阳夹马营。","founding":"赵匡胤年轻时投靠后汉枢密使郭威，参与了郭威建立后周的军事行动。后周世宗柴荣去世后，其子柴宗训年幼即位。960年，赵匡胤在陈桥驿被将士黄袍加身，拥立为皇帝，建立宋朝。赵匡胤杯酒释兵权，以和平方式解除了禁军将领的兵权。推行重文轻武政策，大力推行科举取士。","zenith":"宋朝的鼎盛主要体现在经济和文化方面。北宋鼎盛——仁宗时期（1022-1063）：城市商业空前发达，交子（世界上最早的纸币）在四川流通。三大发明——活字印刷术、指南针、火药深刻改变了世界。文学方面，欧阳修、苏轼、王安石等大家辈出。南宋鼎盛——孝宗时期（1162-1189）：江南经济持续发展，理学成熟，朱熹集理学之大成。","decline":"北宋覆灭——靖康之耻（1127年）：金军攻破开封，俘虏宋徽宗、宋钦宗及宗室三千余人北去。南宋建立后长期面临金朝压力。13世纪初蒙古崛起，南宋联合蒙古灭金（1234年），但随即面临更强大的蒙古帝国。1279年崖山之战，元军大败宋军，陆秀夫背负八岁的宋末帝赵昺投海殉国，南宋灭亡。"}',
'[{"level":0,"nodes":[{"name":"赵弘殷","title":"追尊"}]},{"level":1,"nodes":[{"name":"宋太祖赵匡胤","title":"960-976"},{"name":"宋太宗赵光义","title":"976-997"}]},{"level":2,"nodes":[{"name":"太宗系","title":"北宋诸帝"}]},{"level":3,"nodes":[{"name":"宋高宗赵构","title":"南宋开国"}]}]',
7, 'cv-song');

INSERT INTO ruler (dynasty_id, title, name, reign_start, reign_end, relation, achievements) VALUES
(7, '宋太祖', '赵匡胤', '960', '976', '开国', '杯酒释兵权，重文轻武'),
(7, '宋太宗', '赵光义', '976', '997', '太祖弟', '灭北汉，北伐契丹'),
(7, '宋真宗', '赵恒', '997', '1022', '太宗子', '澶渊之盟，宋辽和平'),
(7, '宋仁宗', '赵祯', '1022', '1063', '真宗子', '庆历新政，文化鼎盛'),
(7, '宋神宗', '赵顼', '1067', '1085', '英宗子', '王安石变法'),
(7, '宋徽宗', '赵佶', '1100', '1126', '神宗子', '书画大家，靖康之耻'),
(7, '宋钦宗', '赵桓', '1126', '1127', '徽宗子', '靖康之耻中被俘'),
(7, '宋高宗', '赵构', '1127', '1162', '徽宗子', '建南宋，杀岳飞'),
(7, '宋孝宗', '赵昚', '1162', '1189', '太祖后裔', '隆兴北伐，恢复岳飞名誉'),
(7, '宋末帝', '赵昺', '1278', '1279', '端宗弟', '崖山蹈海');

INSERT INTO royal_member (dynasty_id, name, title, lifespan, role, description) VALUES
(7, '宋太祖·赵匡胤', '开国皇帝', '927-976', '皇帝', '陈桥兵变建立宋朝。杯酒释兵权，重文轻武，奠定了三百余年的赵宋基业。'),
(7, '宋仁宗·赵祯', '第四位皇帝', '1010-1063', '皇帝', '宋朝在位最长的皇帝之一（41年）。以宽仁著称，包拯、范仲淹、欧阳修等名臣辈出。'),
(7, '宋徽宗·赵佶', '第八位皇帝', '1082-1135', '皇帝', '杰出的艺术家，书画双绝，创瘦金体。但政治上昏庸，靖康之变中被金人俘虏。'),
(7, '宋高宗·赵构', '第十位皇帝', '1107-1187', '皇帝', '徽宗第九子。建立南宋，重用岳飞抗金，但因担心武将功高震主，最终以莫须有罪名杀害岳飞。');

-- ===== 8. 元朝 =====
INSERT INTO dynasty (id, name, surname, period, capital, founder, last_ruler, duration, year_start, year_end, summary, description, family_tree, sort_order, image_gradient)
VALUES (8, '元朝', '孛儿只斤氏', '公元1271 - 1368', '大都（北京）', '元世祖忽必烈', '元惠宗妥懽帖睦尔', '97年', 1271, 1368,
'蒙古帝国入主中原，横跨欧亚。',
'{"origins":"孛儿只斤氏是蒙古黄金家族的姓氏。据《蒙古秘史》记载，始祖是苍狼和白鹿的后裔。传说蒙古族的始祖是阿兰豁阿的幼子孛端察儿，他是孛儿只斤氏的直系祖先。孛端察儿的第十一世孙就是统一蒙古各部的成吉思汗（铁木真）。孛儿只斤在蒙古语中的意思是蓝眼睛的人。成吉思汗家族统治了蒙古帝国和元朝。","founding":"1206年，铁木真统一蒙古各部，在斡难河源被推举为成吉思汗，建立大蒙古国。1271年，忽必烈取《易经》大哉乾元之意，正式改国号为元。1276年攻破南宋临安，1279年崖山之战彻底消灭南宋残余势力，完成了对全国的统一。忽必烈在政治制度上兼顾蒙古旧制和汉法。","zenith":"元朝的鼎盛时期为元世祖忽必烈在位后期（约1280-1294）。疆域辽阔——今天中国全境、蒙古高原、西伯利亚南部、朝鲜半岛北部。国际交流——马可波罗在此时来到中国。大都（北京）是当时世界上最繁华的都市之一。元朝对各种宗教持包容态度。","decline":"元朝衰落速度很快——从忽必烈去世（1294年）到灭亡（1368年），仅七十余年。皇位继承制度混乱，1307-1333年间换了八位皇帝。四等人制和民族歧视政策使社会矛盾尖锐。1351年红巾军起义爆发。1368年明将徐达攻破大都，元惠宗北逃，元朝对中原的统治结束。"}',
'[{"level":0,"nodes":[{"name":"成吉思汗","title":"铁木真"}]},{"level":1,"nodes":[{"name":"拖雷","title":"成吉思汗幼子"}]},{"level":2,"nodes":[{"name":"蒙哥汗","title":"大汗"},{"name":"忽必烈","title":"元世祖"},{"name":"旭烈兀","title":"伊利汗国"}]},{"level":3,"nodes":[{"name":"真金","title":"太子"}]},{"level":4,"nodes":[{"name":"铁穆耳","title":"元成宗"}]}]',
8, 'cv-yuan');

INSERT INTO ruler (dynasty_id, title, name, reign_start, reign_end, relation, achievements) VALUES
(8, '元世祖', '忽必烈', '1260', '1294', '开国', '建元朝，统一中国'),
(8, '元成宗', '铁穆耳', '1294', '1307', '世祖孙', '维持稳定，停止征伐'),
(8, '元仁宗', '爱育黎拔力八达', '1311', '1320', '武宗弟', '恢复科举，推崇儒学'),
(8, '元英宗', '硕德八剌', '1320', '1323', '仁宗子', '南坡之变中被弑'),
(8, '元文宗', '图帖睦尔', '1328', '1332', '武宗子', '两都之战，文化推崇'),
(8, '元惠宗', '妥懽帖睦尔', '1333', '1370', '明宗子', '末代，退据漠北');

INSERT INTO royal_member (dynasty_id, name, title, lifespan, role, description) VALUES
(8, '成吉思汗·铁木真', '蒙古帝国创立者', '1162-1227', '皇帝', '统一蒙古各部，建立大蒙古国。发动了世界历史上规模最大的征服战争。被尊为一代天骄。'),
(8, '元世祖·忽必烈', '元朝开国', '1215-1294', '皇帝', '成吉思汗之孙。建立元朝，统一中国。定都大都（北京），开凿大运河。'),
(8, '元仁宗·爱育黎拔力八达', '第四位皇帝', '1285-1320', '皇帝', '推崇儒学，恢复科举制度（延祐复科），调和蒙古统治与汉文化的矛盾。'),
(8, '元惠宗·妥懽帖睦尔', '末代皇帝', '1320-1370', '皇帝', '元朝最后一位皇帝，在位时间最长（33年）。1368年明军攻入大都后退往上都。');

-- ===== 9. 明朝 =====
INSERT INTO dynasty (id, name, surname, period, capital, founder, last_ruler, duration, year_start, year_end, summary, description, family_tree, sort_order, image_gradient)
VALUES (9, '明朝', '朱姓', '公元1368 - 1644', '应天（南京）/京师（北京）', '明太祖朱元璋', '明思宗朱由检', '276年', 1368, 1644,
'汉族重建的最后一个大一统王朝。',
'{"origins":"朱姓源自曹姓，是颛顼帝的后裔。周武王封曹挟于邾国（今山东邹城一带），战国时期邾国被楚国所灭，后人去阝旁以朱为氏。朱元璋的家族出身极为寒微，是中国历史上出身最低的开国皇帝之一。朱元璋幼年家境赤贫，曾为地主放牛。1344年濠州发生严重灾荒，父亲、母亲和大哥在短短十几天内先后饿死。朱元璋入皇觉寺为僧，后外出游方乞讨三年。","founding":"1351年元末红巾军起义爆发。1352年朱元璋投奔濠州郭子兴的红巾军。他采纳了朱升的建议——高筑墙，广积粮，缓称王。1368年正月，朱元璋在应天称帝，建国号大明，年号洪武。同年八月明军攻入大都，元朝结束。朱元璋在废除丞相制度，设五军都督府，推行卫所制度，严惩贪官。","zenith":"永乐盛世（1403-1424）：明成祖朱棣派郑和七次远航，最远到达东非和红海。迁都北京，修建故宫。编纂《永乐大典》。五次亲征漠北。仁宣之治（1424-1435）：明仁宗、明宣宗推行与民休息的政策，内阁制度逐步完善，三杨辅政。","decline":"明朝衰落是各种积弊长期累积的结果。宦官专权（王振、刘瑾、魏忠贤等）、特务统治（锦衣卫、东厂）、财政危机、党争激烈。明末小冰河期导致连年旱灾，农民起义爆发，李自成迅速发展壮大。1644年李自成攻破北京，崇祯皇帝在煤山自缢。明朝灭亡后，南明坚持至1662年。"}',
'[{"level":0,"nodes":[{"name":"明太祖朱元璋","title":"1368-1398"}]},{"level":1,"nodes":[{"name":"建文帝朱允炆","title":"太子之子"},{"name":"明成祖朱棣","title":"太祖第四子"}]},{"level":2,"nodes":[{"name":"明仁宗朱高炽","title":"1424-1425"}]},{"level":3,"nodes":[{"name":"明宣宗朱瞻基","title":"1425-1435"}]},{"level":4,"nodes":[{"name":"明思宗朱由检","title":"1627-1644，末代"}]}]',
9, 'cv-ming');

INSERT INTO ruler (dynasty_id, title, name, reign_start, reign_end, relation, achievements) VALUES
(9, '明太祖', '朱元璋', '1368', '1398', '开国', '驱逐元朝，建明，洪武之治'),
(9, '建文帝', '朱允炆', '1398', '1402', '太祖孙', '削藩失败，靖难之役'),
(9, '明成祖', '朱棣', '1402', '1424', '太祖子', '郑和下西洋，迁都北京，永乐大典'),
(9, '明仁宗', '朱高炽', '1424', '1425', '成祖子', '在位仅十月，仁宣之治开启'),
(9, '明宣宗', '朱瞻基', '1425', '1435', '仁宗子', '仁宣之治，三杨辅政'),
(9, '明英宗', '朱祁镇', '1435', '1464', '宣宗子', '土木堡被俘，夺门复辟'),
(9, '明宪宗', '朱见深', '1464', '1487', '英宗子', '万贵妃专宠，设西厂'),
(9, '明孝宗', '朱祐樘', '1487', '1505', '宪宗子', '弘治中兴，一夫一妻'),
(9, '明世宗', '朱厚熜', '1521', '1567', '武宗堂弟', '嘉靖大礼议，倭寇之患'),
(9, '明神宗', '朱翊钧', '1572', '1620', '穆宗子', '万历三大征，不上朝数十年'),
(9, '明思宗', '朱由检', '1627', '1644', '熹宗弟', '勤政无力回天，煤山殉国');

INSERT INTO royal_member (dynasty_id, name, title, lifespan, role, description) VALUES
(9, '明太祖·朱元璋', '开国皇帝', '1328-1398', '皇帝', '从乞丐到皇帝，是中国历史上出身最低的帝王之一。在位期间整顿吏治、恢复经济、强化皇权。'),
(9, '明成祖·朱棣', '第三位皇帝', '1360-1424', '皇帝', '发动靖难之役夺取皇位。迁都北京、派郑和下西洋、编纂《永乐大典》、五征蒙古。'),
(9, '马皇后', '朱元璋皇后', '1332-1382', '皇后', '与朱元璋患难与共，以贤德仁厚著称。多次劝谏朱元璋保全功臣和百姓。'),
(9, '明孝宗·朱祐樘', '第九位皇帝', '1470-1505', '皇帝', '明朝唯一一位实行一夫一妻制的皇帝。在位十八年，勤政爱民，史称弘治中兴。'),
(9, '明思宗·朱由检', '末代皇帝', '1611-1644', '皇帝', '崇祯皇帝。在位十七年勤勉治国，无力挽救明末危机。李自成攻破北京后在煤山自缢。');

-- ===== 10. 清朝 =====
INSERT INTO dynasty (id, name, surname, period, capital, founder, last_ruler, duration, year_start, year_end, summary, description, family_tree, sort_order, image_gradient)
VALUES (10, '清朝', '爱新觉罗氏', '公元1636 - 1912', '盛京（沈阳）/京师（北京）', '清太宗皇太极', '宣统帝溥仪', '276年', 1636, 1912,
'中国最后一个封建王朝。',
'{"origins":"爱新觉罗氏是女真族的一支，属于建州女真部。据清朝官方史书《满洲源流考》记载，始祖是布库里雍顺。爱新觉罗在满语中，爱新（aisin）意为金子，觉罗（gioro）意为姓或族，因此意为金姓。明朝初期，建州女真部落在辽东地区活动。经过数代发展，爱新觉罗家族影响力不断扩大。1583年，明军在古勒城之战中误杀了努尔哈赤的祖父觉昌安和父亲塔克世，成为努尔哈赤起兵的导火索。","founding":"1583年，努尔哈赤以十三副遗甲起兵。他创建了八旗制度，创制满文。1616年称汗，建国号大金（后金）。1619年萨尔浒之战以六万兵力击败明朝十万大军。皇太极即位后改国号为清（1636年），改女真族称为满洲。1644年清军入关，顺治帝迁都北京。","zenith":"康乾盛世（康熙、雍正、乾隆三朝，约1661-1796）是中国历史上持续时间最长的盛世之一。康熙平定三藩、统一台湾、击败噶尔丹。雍正推行摊丁入亩、设军机处。乾隆十全武功、编纂《四库全书》，人口突破三亿。","decline":"清朝衰落始于乾隆后期。鸦片战争（1840-1842）中被英国击败，签订《南京条约》。太平天国起义（1850-1864）席卷半个中国。甲午战争（1894-1895）中被日本击败。戊戌变法仅百日即被镇压。1911年辛亥革命爆发，1912年2月12日宣统帝溥仪退位，清朝灭亡，中国两千余年封建帝制终结。"}',
'[{"level":0,"nodes":[{"name":"努尔哈赤","title":"清太祖"}]},{"level":1,"nodes":[{"name":"皇太极","title":"清太宗"}]},{"level":2,"nodes":[{"name":"顺治帝","title":"入关首位"}]},{"level":3,"nodes":[{"name":"康熙帝","title":"1654-1722"}]},{"level":4,"nodes":[{"name":"雍正帝","title":"1678-1735"}]},{"level":5,"nodes":[{"name":"乾隆帝","title":"1711-1799"}]},{"level":6,"nodes":[{"name":"溥仪","title":"末代"}]}]',
10, 'cv-qing');

INSERT INTO ruler (dynasty_id, title, name, reign_start, reign_end, relation, achievements) VALUES
(10, '清太祖', '努尔哈赤', '1616', '1626', '后金奠基', '统一女真，创八旗制度'),
(10, '清太宗', '皇太极', '1626', '1643', '太祖第八子', '改国号为清'),
(10, '清世祖', '福临（顺治）', '1643', '1661', '太宗子', '入关第一位皇帝'),
(10, '清圣祖', '玄烨（康熙）', '1661', '1722', '世祖子', '康乾盛世，在位最长'),
(10, '清世宗', '胤禛（雍正）', '1722', '1735', '圣祖子', '摊丁入亩，设军机处'),
(10, '清高宗', '弘历（乾隆）', '1735', '1796', '世宗子', '十全武功，四库全书'),
(10, '清仁宗', '颙琰（嘉庆）', '1796', '1820', '高宗子', '平定白莲教'),
(10, '清宣宗', '旻宁（道光）', '1820', '1850', '仁宗子', '鸦片战争失败'),
(10, '清文宗', '奕詝（咸丰）', '1850', '1861', '宣宗子', '太平天国、英法联军'),
(10, '清德宗', '载湉（光绪）', '1875', '1908', '醇亲王之子', '戊戌变法，被囚禁'),
(10, '末代帝', '溥仪（宣统）', '1908', '1912', '醇亲王之子', '退位，帝制终结');

INSERT INTO royal_member (dynasty_id, name, title, lifespan, role, description) VALUES
(10, '清太祖·努尔哈赤', '后金奠基者', '1559-1626', '皇帝', '统一女真各部，创建八旗制度。萨尔浒之战击败明军，为清朝入主中原奠定基础。'),
(10, '清太宗·皇太极', '清朝建立者', '1592-1643', '皇帝', '努尔哈赤第八子。改国号为清，改族名为满洲。完善八旗制度，重用汉臣。'),
(10, '清圣祖·康熙', '第四位皇帝', '1654-1722', '皇帝', '八岁即位，十四岁亲政。在位六十一年，平定三藩、统一台湾、击败噶尔丹、签订《尼布楚条约》。'),
(10, '清世宗·雍正', '第五位皇帝', '1678-1735', '皇帝', '康熙第四子。勤勉治国，摊丁入亩、设军机处、整顿吏治。'),
(10, '清高宗·乾隆', '第六位皇帝', '1711-1799', '皇帝', '雍正第四子。十全武功使清朝疆域达到极盛。晚年宠信和珅。'),
(10, '慈禧太后', '同治母后', '1835-1908', '太后', '清朝晚期的实际统治者。垂帘听政四十七年。'),
(10, '宣统帝·溥仪', '末代皇帝', '1906-1967', '皇帝', '三岁即位，六岁退位。后被改造为普通公民，著有《我的前半生》。');

-- ===== 重置序列 =====
ALTER TABLE dynasty ALTER COLUMN id RESTART WITH 11;

-- ===== 子嗣数据 =====
INSERT INTO ruler_child (ruler_id, name, title, mother, deeds, fate, sort_order) VALUES (79, '扶苏', '太子', '郑妃', '秦始皇长子，仁厚爱民，曾劝谏始皇减轻刑罚、停止修长城。被派往北方监军蒙恬。', '秦始皇死后，赵高、李斯伪造诏书赐死扶苏。扶苏接诏后不辨真伪，遂自杀于上郡。', 1);
INSERT INTO ruler_child (ruler_id, name, title, mother, deeds, fate, sort_order) VALUES (79, '胡亥', '秦二世', '不详', '秦始皇第十八子，随赵高学习律法。始皇死后在赵高扶持下即位，称秦二世。', '即位后大兴土木、残害忠良，激化社会矛盾。后被赵高逼迫自杀于望夷宫。', 2);
INSERT INTO ruler_child (ruler_id, name, title, mother, deeds, fate, sort_order) VALUES (79, '公子高', '公子', '不详', '秦始皇之子，曾试图逃亡以避祸，但恐连累家族。', '上书请求为秦始皇殉葬，获准后自杀。以此保全家人免遭诛杀。', 3);
INSERT INTO ruler_child (ruler_id, name, title, mother, deeds, fate, sort_order) VALUES (79, '公子将闾', '公子', '不详', '秦始皇之子，胡亥即位后与兄弟一同被囚。', '不屈于赵高的诬陷，与两个弟弟一同被处死。', 4);
INSERT INTO ruler_child (ruler_id, name, title, mother, deeds, fate, sort_order) VALUES (82, '刘盈', '太子→惠帝', '吕后', '刘邦嫡长子，仁弱善良。即位后实施仁政，废除挟书律，与民休息。', '目睹母亲吕后残害戚夫人后受惊病倒，不再理政，年仅23岁郁郁而终。', 1);
INSERT INTO ruler_child (ruler_id, name, title, mother, deeds, fate, sort_order) VALUES (82, '刘肥', '齐王', '曹氏', '刘邦庶长子，封齐王，辖七十余城，是汉初最大的诸侯王。', '入朝时几乎被吕后毒杀，后献城阳郡给鲁元公主才得以脱身，病逝于封国。', 2);
INSERT INTO ruler_child (ruler_id, name, title, mother, deeds, fate, sort_order) VALUES (82, '刘如意', '赵王', '戚夫人', '刘邦最宠爱的儿子，曾险些被立为太子。封赵王，有大臣周昌保护。', '刘邦死后被吕后召入京城毒杀。其母戚夫人被做成人彘。', 3);
INSERT INTO ruler_child (ruler_id, name, title, mother, deeds, fate, sort_order) VALUES (82, '刘恒', '代王→文帝', '薄姬', '刘邦第四子，封代王。吕后死后被周勃等大臣迎立为帝，开创文景之治。', '在位23年，推行与民休息政策，勤俭治国。病逝于长安未央宫。', 4);
INSERT INTO ruler_child (ruler_id, name, title, mother, deeds, fate, sort_order) VALUES (86, '刘据', '太子', '卫子夫', '汉武帝嫡长子，仁厚温谨。武帝晚年命其监国，深得民心。', '江充诬告太子行巫蛊，刘据被迫起兵诛江充，兵败后逃亡至湖县，被围捕时自缢身亡。', 1);
INSERT INTO ruler_child (ruler_id, name, title, mother, deeds, fate, sort_order) VALUES (86, '刘闳', '齐王', '王夫人', '武帝次子，受武帝宠爱。封齐王，年幼即封就国。', '早逝，无子，齐国被废除。', 2);
INSERT INTO ruler_child (ruler_id, name, title, mother, deeds, fate, sort_order) VALUES (86, '刘旦', '燕王', '李姬', '武帝第三子，博学多才，好星历术数。', '昭帝即位后谋反失败，被赦免后事败自杀。', 3);
INSERT INTO ruler_child (ruler_id, name, title, mother, deeds, fate, sort_order) VALUES (86, '刘弗陵', '太子→昭帝', '钩弋夫人', '武帝幼子，聪明伶俐。武帝临终前立为太子，由霍光辅政。', '在位13年，14岁即位，21岁病逝。在位期间与民休息，恢复生产。', 4);
INSERT INTO ruler_child (ruler_id, name, title, mother, deeds, fate, sort_order) VALUES (111, '李承乾', '太子', '长孙皇后', '太宗嫡长子，自幼聪慧，深受宠爱。后因足疾而性情大变，行为乖张。', '试图发动政变逼宫，事败被废为庶人，流放黔州。后郁郁而终。', 1);
INSERT INTO ruler_child (ruler_id, name, title, mother, deeds, fate, sort_order) VALUES (111, '李泰', '魏王', '长孙皇后', '太宗第四子，才华横溢，主编《括地志》。深受太宗宠爱，一度有望被立为太子。', '因卷入夺嫡之争被降封为东莱郡王，后改封顺阳王。高宗即位后病逝。', 2);
INSERT INTO ruler_child (ruler_id, name, title, mother, deeds, fate, sort_order) VALUES (111, '李治', '晋王→高宗', '长孙皇后', '太宗第九子，仁孝宽厚。在长孙无忌等大臣支持下被立为太子。', '即位后延续贞观政策，开创永徽之治。后期因身体多病，政权逐渐落入武则天手中。', 3);
INSERT INTO ruler_child (ruler_id, name, title, mother, deeds, fate, sort_order) VALUES (111, '李恪', '吴王', '杨妃（隋炀帝女）', '太宗第三子，文武双全，有英武之风。太宗曾考虑立其为太子。', '被长孙无忌诬陷谋反，含冤被处死。后来高宗为其平反。', 4);
INSERT INTO ruler_child (ruler_id, name, title, mother, deeds, fate, sort_order) VALUES (119, '赵德昭', '武功郡王', '贺皇后', '太祖长子，自幼文武兼备。太宗即位后，被封为武功郡王。', '因太宗猜忌，被逼自杀。后追封为燕王。', 1);
INSERT INTO ruler_child (ruler_id, name, title, mother, deeds, fate, sort_order) VALUES (119, '赵德芳', '秦王', '贺皇后', '太祖次子，深受太祖喜爱。太宗即位后封为秦王。', '22岁英年早逝，死因存疑。民间传说中称其为"八贤王"。', 2);
INSERT INTO ruler_child (ruler_id, name, title, mother, deeds, fate, sort_order) VALUES (135, '朱标', '太子', '马皇后', '太祖长子，温文儒雅，深得朝臣爱戴。洪武十年起开始监国理政。', '巡察陕西回京后病逝，谥号懿文太子。其子朱允炆后被立为皇太孙。', 1);
INSERT INTO ruler_child (ruler_id, name, title, mother, deeds, fate, sort_order) VALUES (135, '朱樉', '秦王', '马皇后', '太祖次子，封秦王，就藩西安。在藩国多行不法。', '被三名老妇人下毒毒死。', 2);
INSERT INTO ruler_child (ruler_id, name, title, mother, deeds, fate, sort_order) VALUES (135, '朱棣', '燕王→成祖', '马皇后（疑）', '太祖第四子，封燕王，就藩北平。建文元年起兵靖难。', '攻入南京夺取皇位，改元永乐。迁都北京，派郑和下西洋，编纂《永乐大典》。', 3);
INSERT INTO ruler_child (ruler_id, name, title, mother, deeds, fate, sort_order) VALUES (135, '朱权', '宁王', '杨妃', '太祖第十七子，封宁王。善谋略，精通兵法。', '被朱棣裹挟参与靖难之役，后改封南昌。晚年潜心道教，著书立说。', 4);
INSERT INTO ruler_child (ruler_id, name, title, mother, deeds, fate, sort_order) VALUES (149, '胤礽', '太子', '赫舍里皇后', '康熙嫡长子，两岁时被立为太子。聪慧好学，曾多次监国。', '因结党营私、图谋不轨被两立两废。最终被圈禁至死。', 1);
INSERT INTO ruler_child (ruler_id, name, title, mother, deeds, fate, sort_order) VALUES (149, '胤禛', '雍亲王→雍正帝', '德妃', '康熙第四子，行事严谨，深藏不露。在九子夺嫡中胜出。', '即位后励精图治，整顿吏治，设立军机处。驾崩于圆明园，传位给乾隆。', 2);
INSERT INTO ruler_child (ruler_id, name, title, mother, deeds, fate, sort_order) VALUES (149, '胤禩', '廉亲王', '良妃', '康熙第八子，广结人缘，深得朝臣拥护。在诸皇子中声望最高。', '九子夺嫡失败后被雍正圈禁，改名为"阿其那"，病死于狱中。', 3);
INSERT INTO ruler_child (ruler_id, name, title, mother, deeds, fate, sort_order) VALUES (149, '胤禟', '贝子', '宜妃', '康熙第九子，善于经商理财，支持胤禩夺嫡。', '雍正即位后被发配西宁，后因"结党"罪名被削除宗籍，死于圈禁。', 4);
ins "INSERT INTO ruler_child VALUES (NULL,79,'扶苏','太子','郑妃','秦始皇长子，仁厚爱民。曾劝谏始皇减轻刑罚。','赵高李斯伪造诏书赐死，自杀于上郡。',1)"
ins "INSERT INTO ruler_child VALUES (NULL,79,'胡亥','秦二世','不详','始皇第十八子，赵高扶持下即位。','被赵高逼迫自杀于望夷宫。',2)"
ins "INSERT INTO ruler_child VALUES (NULL,79,'公子高','公子','不详','始皇之子，为保全家族主动求死。','请求殉葬秦始皇，获准后自杀。',3)"
ins "INSERT INTO ruler_child VALUES (NULL,79,'公子将闾','公子','不详','始皇之子，被胡亥囚禁。','不屈于赵高诬陷，与二弟同被处死。',4)"
ins "INSERT INTO ruler_child VALUES (NULL,80,'无子','—','—','秦二世胡亥将诸兄弟全部处死，史料无其子嗣记载。','胡亥无后，秦朝宗室断绝。',1)"
ins "INSERT INTO ruler_child VALUES (NULL,81,'二子','—','—','秦王子婴有二子，姓名事迹失传。','与子婴一同被项羽所杀。',1)"
ins "INSERT INTO ruler_child VALUES (NULL,82,'刘盈','太子→惠帝','吕后','刘邦嫡长子，仁弱善良。即位后废除挟书律，与民休息。','目睹母亲残害戚夫人后受惊病倒，23岁郁郁而终。',1)"
ins "INSERT INTO ruler_child VALUES (NULL,82,'刘肥','齐王','曹氏','刘邦庶长子，封地七十余城。','献城阳郡给鲁元公主得以脱身，病逝于封国。',2)"
ins "INSERT INTO ruler_child VALUES (NULL,82,'刘如意','赵王','戚夫人','刘邦最宠爱的儿子，曾险些取代刘盈为太子。','刘邦死后被吕后毒杀。',3)"
ins "INSERT INTO ruler_child VALUES (NULL,82,'刘恒','代王→文帝','薄姬','刘邦第四子。吕后死后被迎立为帝。','开创文景之治，在位23年病逝于未央宫。',4)"
ins "INSERT INTO ruler_child VALUES (NULL,83,'刘恭','前少帝','不详','惠帝之子，即位时年幼。','吕后专政，刘恭长大后得知身世被废黜，后被杀害。',1)"
ins "INSERT INTO ruler_child VALUES (NULL,83,'刘弘','后少帝','不详','惠帝之子，吕后立为帝。','吕后死后，周勃等大臣以非惠帝子为由将其废黜杀害。',2)"
ins "INSERT INTO ruler_child VALUES (NULL,84,'刘启','太子→景帝','窦皇后','文帝嫡长子，即位后继续文景之治。','在位16年，平定七国之乱，病逝。',1)"
ins "INSERT INTO ruler_child VALUES (NULL,84,'刘武','梁王','窦皇后','文帝次子，深受窦太后宠爱。','因争太子位失败，郁郁而终。',2)"
ins "INSERT INTO ruler_child VALUES (NULL,84,'刘参','代王','不详','文帝第三子，封代王。','在文帝时期病逝。',3)"
ins "INSERT INTO ruler_child VALUES (NULL,85,'刘荣','栗太子→临江王','栗姬','景帝长子，初立为太子。','因栗姬失宠被废太子位，后因侵占宗庙地被召至中尉府受审，自杀。',1)"
ins "INSERT INTO ruler_child VALUES (NULL,85,'刘彻','胶东王→武帝','王皇后','景帝第十子，雄才大略。','在位54年，北击匈奴、开通西域，晚年因巫蛊之祸导致太子冤死。',2)"
ins "INSERT INTO ruler_child VALUES (NULL,85,'刘馀','鲁王','程姬','景帝之子，封鲁王。','好建筑宫室苑囿，病逝。',3)"
ins "INSERT INTO ruler_child VALUES (NULL,85,'刘非','江都王','程姬','景帝之子，平七国之乱有功。','封江都王，治理有力，病逝。',4)"
ins "INSERT INTO ruler_child VALUES (NULL,86,'刘据','太子','卫子夫','武帝嫡长子，仁厚温谨。曾奉命监国，深得民心。','被江充诬陷巫蛊，起兵失败后自缢身亡。',1)"
ins "INSERT INTO ruler_child VALUES (NULL,86,'刘闳','齐王','王夫人','武帝次子，年幼受宠。','早逝无子，齐国被废除。',2)"
ins "INSERT INTO ruler_child VALUES (NULL,86,'刘旦','燕王','李姬','武帝第三子，博学多才，好星历术数。','谋反失败后自杀。',3)"
ins "INSERT INTO ruler_child VALUES (NULL,86,'刘弗陵','太子→昭帝','钩弋夫人','武帝幼子，聪明伶俐。','14岁即位，21岁病逝。与民休息，恢复生产。',4)"
ins "INSERT INTO ruler_child VALUES (NULL,87,'无子','—','—','汉昭帝刘弗陵在位13年，享年21岁。','无子嗣，死后由霍光迎立刘贺即位。',1)"
ins "INSERT INTO ruler_child VALUES (NULL,88,'刘奭','太子→元帝','许皇后','宣帝长子，柔仁好儒。','即位后重用儒生，中央权力开始旁落。',1)"
ins "INSERT INTO ruler_child VALUES (NULL,88,'刘钦','淮阳王','张婕妤','宣帝次子，聪慧有才。','宣帝曾称赞其才能，后病逝。',2)"
ins "INSERT INTO ruler_child VALUES (NULL,88,'刘嚣','楚王','卫婕妤','宣帝第三子，好学有才。','封楚王，病逝。',3)"
ins "INSERT INTO ruler_child VALUES (NULL,89,'刘疆','太子→东海王','郭皇后','光武帝长子，初立为太子。','知郭后失宠后辞让太子位，光武帝许之。后封东海王，病逝。',1)"
ins "INSERT INTO ruler_child VALUES (NULL,89,'刘庄','太子→明帝','阴皇后','光武帝第四子，聪慧明察。','即位后严刑峻法，重视儒学引入佛教。',2)"
ins "INSERT INTO ruler_child VALUES (NULL,89,'刘荆','广陵王','阴皇后','光武帝之子，有才能但性格暴戾。','多次图谋造反，事败后自杀。',3)"
ins "INSERT INTO ruler_child VALUES (NULL,89,'刘衡','临淮公','阴皇后','光武帝之子，幼年聪慧。','早逝，年仅10岁。',4)"
ins "INSERT INTO ruler_child VALUES (NULL,90,'刘炟','太子→章帝','贾贵人(马皇后养)','明帝第五子，宽厚仁爱。','在位13年，减轻刑罚，重视农桑，史称明章之治。',1)"
ins "INSERT INTO ruler_child VALUES (NULL,90,'刘恭','灵寿王','不详','明帝之子，封灵寿王。','随章帝讨伐匈奴有功。',2)"
ins "INSERT INTO ruler_child VALUES (NULL,90,'刘党','乐平王','不详','明帝之子，封乐平王。','性格刚直，病逝。',3)"
ins "INSERT INTO ruler_child VALUES (NULL,91,'刘冯','南阳王','不详','献帝之子，封南阳王。','早逝。',1)"
ins "INSERT INTO ruler_child VALUES (NULL,91,'刘熙','济阴王','不详','献帝之子，封济阴王。','曹丕篡位后被贬为列侯。',2)"
ins "INSERT INTO ruler_child VALUES (NULL,91,'刘懿','山阳王','不详','献帝之子，曹丕篡汉后降为列侯。','结局不详。',3)"
ins "INSERT INTO ruler_child VALUES (NULL,91,'刘敦','东海王','不详','献帝之子，曹丕篡位后被贬。','结局不详。',4)"
ins "INSERT INTO ruler_child VALUES (NULL,92,'司马衷','太子→惠帝','杨皇后','武帝嫡长子，智力迟钝。','即位后贾南风专权，引发八王之乱。被毒杀。',1)"
ins "INSERT INTO ruler_child VALUES (NULL,92,'司马攸','齐献王','王元姬','武帝之弟，德才兼备，深得人心。','武帝晚年猜忌，忧愤成疾而死。',2)"
ins "INSERT INTO ruler_child VALUES (NULL,92,'司马柬','秦王','杨皇后','武帝第三子，封秦王。','八王之乱中为赵王司马伦所杀。',3)"
ins "INSERT INTO ruler_child VALUES (NULL,92,'司马晏','吴王','李夫人','武帝之子，封吴王。','洛阳陷落后被刘曜所杀。',4)"
ins "INSERT INTO ruler_child VALUES (NULL,93,'司马遹','愍怀太子','谢妃','惠帝长子，聪慧好学，深受百姓爱戴。','被贾后诬陷废为庶人，后被毒杀。',1)"
ins "INSERT INTO ruler_child VALUES (NULL,93,'司马臧','哀太子','不详','惠帝之子，司马遹被害后立为太子。','八王之乱中被赵王司马伦所杀。',2)"
ins "INSERT INTO ruler_child VALUES (NULL,94,'无子','—','—','晋怀帝司马炽即位四年后刘曜攻破洛阳被俘。','无子嗣记载。',1)"
ins "INSERT INTO ruler_child VALUES (NULL,95,'无子','—','—','晋愍帝司马邺即位四年后被刘曜俘虏，西晋灭亡。','无子嗣。',1)"
ins "INSERT INTO ruler_child VALUES (NULL,96,'司马绍','太子→明帝','荀氏','元帝长子，聪明有决断。','即位后巩固东晋政权，27岁病逝。',1)"
ins "INSERT INTO ruler_child VALUES (NULL,96,'司马裒','琅邪王','不详','元帝之子，封琅邪王。','早逝。',2)"
ins "INSERT INTO ruler_child VALUES (NULL,96,'司马晞','武陵王','不详','元帝之子，有才能。','被桓温诬陷谋反，废为庶人。',3)"
ins "INSERT INTO ruler_child VALUES (NULL,97,'司马衍','太子→成帝','庾皇后','明帝长子，幼年即位。','在位17年，重用庾亮，苏峻之乱后致力于稳定东晋。',1)"
ins "INSERT INTO ruler_child VALUES (NULL,97,'司马岳','太子→康帝','庾皇后','明帝次子，成帝病重时继位。','在位仅2年，24岁病逝。',2)"
ins "INSERT INTO ruler_child VALUES (NULL,98,'司马德宗','太子→安帝','王皇后','孝武帝长子，智力迟钝。','在位期间大权旁落，后被刘裕派人缢杀。',1)"
ins "INSERT INTO ruler_child VALUES (NULL,98,'司马德文','琅邪王→恭帝','陈淑媛','孝武帝之子，东晋末代皇帝。','刘裕篡位后被封为零陵王，后被杀害。',2)"
ins "INSERT INTO ruler_child VALUES (NULL,99,'子嗣不详','—','—','晋恭帝司马德文被刘裕篡位后杀害。','子嗣情况史料未详。',1)"
ins "INSERT INTO ruler_child VALUES (NULL,100,'刘义符','太子→少帝','张夫人','宋武帝长子，有膂力，善骑射。','即位后游戏无度，被徐羡之等废黜杀害。',1)"
ins "INSERT INTO ruler_child VALUES (NULL,100,'刘义隆','宜都王→文帝','胡婕妤','武帝第三子，博学多才。','开创元嘉之治，后被太子刘劭杀害。',2)"
ins "INSERT INTO ruler_child VALUES (NULL,100,'刘义康','彭城王','王修容','武帝第四子，聪慧能干，深受文帝信任。','因权位过高被文帝猜忌，被废黜后赐死。',3)"
ins "INSERT INTO ruler_child VALUES (NULL,101,'刘劭','太子','袁皇后','文帝长子，率兵弑父自立。','即位仅三月即被刘骏讨伐诛杀。',1)"
ins "INSERT INTO ruler_child VALUES (NULL,101,'刘骏','武陵王→孝武帝','路淑媛','文帝第三子，讨伐刘劭后即位。','在位11年，晚年猜忌宗室诸王。',2)"
ins "INSERT INTO ruler_child VALUES (NULL,101,'刘铄','南平王','吴淑仪','文帝第四子，有文才。','被孝武帝毒杀。',3)"
ins "INSERT INTO ruler_child VALUES (NULL,102,'萧统','昭明太子','丁贵嫔','武帝长子，文才出众，主持编撰《昭明文选》。','因巫蛊事件失宠，抑郁而终。',1)"
ins "INSERT INTO ruler_child VALUES (NULL,102,'萧纲','太子→简文帝','丁贵嫔','武帝第三子，文学家。','侯景之乱后被立为帝，旋被废杀。',2)"
ins "INSERT INTO ruler_child VALUES (NULL,102,'萧绎','湘东王→元帝','阮修容','武帝第七子，藏书丰富。','江陵被西魏攻破后焚书14万卷，被俘杀。',3)"
ins "INSERT INTO ruler_child VALUES (NULL,103,'陈深','太子','张贵妃','后主第四子，有才有德。','都城建康被隋军攻破后被俘。',1)"
ins "INSERT INTO ruler_child VALUES (NULL,103,'陈胤','吴兴王','孙姬','后主长子，聪慧好学。','隋灭陈后被迁至长安。',2)"
ins "INSERT INTO ruler_child VALUES (NULL,103,'陈嶷','南平王','高昭仪','后主第三子，封南平王。','随后主入长安，隋朝时病逝。',3)"
ins "INSERT INTO ruler_child VALUES (NULL,104,'拓跋嗣','太子→明元帝','刘贵人','道武帝长子，宽厚仁爱。','平定拓跋绍之乱后继位，延续北魏基业。',1)"
ins "INSERT INTO ruler_child VALUES (NULL,104,'拓跋绍','清河王','贺夫人','道武帝次子，性格残暴。','杀父自立，不久被拓跋嗣攻灭诛杀。',2)"
ins "INSERT INTO ruler_child VALUES (NULL,104,'拓跋熙','阳平王','段夫人','道武帝之子，封阳平王。','明元帝时期病逝。',3)"
ins "INSERT INTO ruler_child VALUES (NULL,105,'元恂','太子','林皇后','孝文帝长子，因反对汉化被废。','被废为庶人后赐死。',1)"
ins "INSERT INTO ruler_child VALUES (NULL,105,'元恪','太子→宣武帝','高夫人','孝文帝次子，即位后迁都洛阳。','在位期间北魏由盛转衰。',2)"
ins "INSERT INTO ruler_child VALUES (NULL,105,'元愉','京兆王','袁贵人','孝文帝之子，封京兆王。','起兵谋反失败被擒，囚禁而死。',3)"
ins "INSERT INTO ruler_child VALUES (NULL,106,'宇文赟','太子→宣帝','阿史那皇后','武帝长子，荒淫无度。','即位后沉溺酒色，病死年仅22岁。',1)"
ins "INSERT INTO ruler_child VALUES (NULL,106,'宇文赞','汉王','李娥','武帝之子，封汉王。','被杨坚诛杀。',2)"
ins "INSERT INTO ruler_child VALUES (NULL,106,'宇文贽','秦王','库汗姬','武帝之子，封秦王。','被杨坚诛杀。',3)"
ins "INSERT INTO ruler_child VALUES (NULL,107,'杨勇','太子→房陵王','独孤皇后','文帝长子，性宽厚好读书。','因失宠于文帝被废太子位，后被杨广矫诏赐死。',1)"
ins "INSERT INTO ruler_child VALUES (NULL,107,'杨广','晋王→炀帝','独孤皇后','文帝次子，有战功。','即位后开运河、征高丽，导致天下大乱，被缢杀于江都。',2)"
ins "INSERT INTO ruler_child VALUES (NULL,107,'杨俊','秦王','独孤皇后','文帝第三子，封秦王，有才干。','因生活奢靡被文帝责备，病逝。',3)"
ins "INSERT INTO ruler_child VALUES (NULL,107,'杨秀','蜀王','独孤皇后','文帝第四子，勇武有力。','杨广即位后被囚禁，后被杀。',4)"
ins "INSERT INTO ruler_child VALUES (NULL,107,'杨谅','汉王','独孤皇后','文帝第五子，封汉王。','杨广即位后起兵谋反，兵败被囚死。',5)"
ins "INSERT INTO ruler_child VALUES (NULL,108,'杨昭','元德太子','萧皇后','炀帝长子，宽厚仁德。','因病早逝，谥号元德太子。',1)"
ins "INSERT INTO ruler_child VALUES (NULL,108,'杨暕','齐王','萧皇后','炀帝次子，封齐王。','江都之变中被宇文化及杀害。',2)"
ins "INSERT INTO ruler_child VALUES (NULL,108,'杨杲','赵王','萧嫔','炀帝幼子，封赵王。','江都之变中与炀帝一同遇害。',3)"
ins "INSERT INTO ruler_child VALUES (NULL,109,'无子','—','—','隋恭帝杨侑为李渊所立傀儡皇帝。','被迫禅位于李唐，次年被杀。无子。',1)"
ins "INSERT INTO ruler_child VALUES (NULL,110,'李建成','太子','窦皇后','高祖长子，辅佐李渊起兵建立唐朝。','玄武门之变中被李世民射杀。',1)"
ins "INSERT INTO ruler_child VALUES (NULL,110,'李世民','秦王→太宗','窦皇后','高祖次子，发动玄武门之变后即位。','开创贞观之治，被尊为天可汗。',2)"
ins "INSERT INTO ruler_child VALUES (NULL,110,'李玄霸','卫王','窦皇后','高祖第三子，骁勇善战。','早逝，年仅16岁。',3)"
ins "INSERT INTO ruler_child VALUES (NULL,110,'李元吉','齐王','窦皇后','高祖第四子，封齐王。','玄武门之变中被尉迟恭射杀。',4)"
ins "INSERT INTO ruler_child VALUES (NULL,111,'李承乾','太子','长孙皇后','太宗嫡长子，自幼聪慧。','因谋反被废为庶人，流放黔州而死。',1)"
ins "INSERT INTO ruler_child VALUES (NULL,111,'李泰','魏王','长孙皇后','太宗第四子，博学多才。','夺嫡失败被贬，高宗即位后病逝。',2)"
ins "INSERT INTO ruler_child VALUES (NULL,111,'李治','晋王→高宗','长孙皇后','太宗第九子，仁孝宽厚。','延续贞观政策，后期政权落入武则天手中。',3)"
ins "INSERT INTO ruler_child VALUES (NULL,111,'李恪','吴王','杨妃(隋炀帝女)','太宗第三子，文武双全。','被长孙无忌诬陷谋反，含冤处死。',4)"
ins "INSERT INTO ruler_child VALUES (NULL,112,'李弘','太子','武则天','高宗第五子，仁德孝顺。','早逝，谥孝敬皇帝。一说被武则天毒杀。',1)"
ins "INSERT INTO ruler_child VALUES (NULL,112,'李贤','章怀太子','武则天','高宗第六子，聪敏好学。','被武则天猜忌废为庶人，后被逼自杀。',2)"
ins "INSERT INTO ruler_child VALUES (NULL,112,'李显','太子→中宗','武则天','高宗第七子，两次即位。','被武则天废黜，神龙政变后复位，被韦后毒杀。',3)"
ins "INSERT INTO ruler_child VALUES (NULL,112,'李旦','太子→睿宗','武则天','高宗第八子，两次即位。','让位于儿子李隆基，安享晚年。',4)"
ins "INSERT INTO ruler_child VALUES (NULL,112,'李氏(太平公主)','镇国太平公主','武则天','高宗幼女，深受宠爱。参与神龙政变。','因谋废玄宗被赐死。',5)"
ins "INSERT INTO ruler_child VALUES (NULL,113,'李弘','太子(追封)','武则天','同高宗子李弘。','早逝，谥孝敬皇帝。',1)"
ins "INSERT INTO ruler_child VALUES (NULL,113,'李贤','章怀太子','武则天','同高宗子李贤。','被逼自杀。',2)"
ins "INSERT INTO ruler_child VALUES (NULL,113,'李显','中宗','武则天','同高宗子李显。','被毒杀。',3)"
ins "INSERT INTO ruler_child VALUES (NULL,113,'李旦','睿宗','武则天','同高宗子李旦。','禅位于玄宗。',4)"
ins "INSERT INTO ruler_child VALUES (NULL,113,'太平公主','镇国太平公主','武则天','同高宗女。','被玄宗赐死。',5)"
ins "INSERT INTO ruler_child VALUES (NULL,114,'李瑛','太子','赵丽妃','玄宗第二子，立为太子。','被武惠妃诬陷谋反，废为庶人后赐死。',1)"
ins "INSERT INTO ruler_child VALUES (NULL,114,'李亨','太子→肃宗','杨皇后','玄宗第三子，安史之乱中即位。','在位期间平定安史之乱，宦官开始专权。',2)"
ins "INSERT INTO ruler_child VALUES (NULL,114,'李瑁','寿王','武惠妃','玄宗第十八子，杨贵妃原为其妃。','安史之乱后回到长安，病逝。',3)"
ins "INSERT INTO ruler_child VALUES (NULL,114,'李琩','延王','不详','玄宗之子，封延王。','病逝。',4)"
ins "INSERT INTO ruler_child VALUES (NULL,115,'李豫','太子→代宗','吴皇后','肃宗长子，安史之乱中为天下兵马元帅。','平定安史之乱，吐蕃攻入长安时出逃。',1)"
ins "INSERT INTO ruler_child VALUES (NULL,115,'李系','越王','不详','肃宗之子，封越王。','被宦官李辅国杀害。',2)"
ins "INSERT INTO ruler_child VALUES (NULL,115,'李倓','建宁王','张皇后','肃宗之子，英毅果敢。','被张皇后和宦官诬陷，被肃宗赐死。',3)"
ins "INSERT INTO ruler_child VALUES (NULL,116,'李恒','太子→穆宗','郭皇后','宪宗第三子，即位后游乐无度。','在位5年，因服用长生药而死。',1)"
ins "INSERT INTO ruler_child VALUES (NULL,116,'李宥','澧王','郭皇后','宪宗之子，封澧王。','被宦官王守澄杀害。',2)"
ins "INSERT INTO ruler_child VALUES (NULL,116,'李忄曾','深王','不详','宪宗之子，封深王。','病逝。',3)"
ins "INSERT INTO ruler_child VALUES (NULL,117,'李漼','太子→懿宗','晁皇后','宣宗长子，即位后不理朝政。','在位15年，政治腐败，藩镇割据加重。',1)"
ins "INSERT INTO ruler_child VALUES (NULL,117,'李恂','雍王','不详','宣宗之子，封雍王。','病逝。',2)"
ins "INSERT INTO ruler_child VALUES (NULL,117,'李沂','庆王','不详','宣宗之子，封庆王。','病逝。',3)"
ins "INSERT INTO ruler_child VALUES (NULL,118,'无子','—','—','唐哀帝李柷为朱全忠所立傀儡。','13岁时被朱全忠鸩杀，无子。',1)"
ins "INSERT INTO ruler_child VALUES (NULL,119,'赵德昭','武功郡王','贺皇后','太祖长子，文武兼备。','被太宗猜忌逼自杀，后追封燕王。',1)"
ins "INSERT INTO ruler_child VALUES (NULL,119,'赵德芳','秦王','贺皇后','太祖次子，深受太祖喜爱。','22岁英年早逝。民间称八贤王。',2)"
ins "INSERT INTO ruler_child VALUES (NULL,120,'赵元佐','楚王','李皇后','太宗长子，聪明机警。','因同情叔叔赵廷美被贬，后疯癫。病逝。',1)"
ins "INSERT INTO ruler_child VALUES (NULL,120,'赵元僖','昭成太子','李皇后','太宗次子，品行端正。','任开封尹时病逝，年仅27岁。',2)"
ins "INSERT INTO ruler_child VALUES (NULL,120,'赵恒','太子→真宗','李皇后','太宗第三子，勤政治国。','与辽订立澶渊之盟，后期大搞封禅。',3)"
ins "INSERT INTO ruler_child VALUES (NULL,121,'赵祐','悼献太子','郭皇后','真宗长子，深受宠爱。','早夭，年仅9岁。',1)"
ins "INSERT INTO ruler_child VALUES (NULL,121,'赵祯','太子→仁宗','李宸妃','真宗第六子，仁政爱民。','在位41年，史称仁宗盛治。晚年无子。',2)"
ins "INSERT INTO ruler_child VALUES (NULL,122,'赵昉','—','俞美人','仁宗长子。','出生即夭折。',1)"
ins "INSERT INTO ruler_child VALUES (NULL,122,'赵昕','—','苗贵妃','仁宗次子。','早夭。',2)"
ins "INSERT INTO ruler_child VALUES (NULL,122,'赵曦','—','朱才人','仁宗第三子。','早夭。仁宗三个儿子全部夭折，故而绝嗣。',3)"
ins "INSERT INTO ruler_child VALUES (NULL,123,'赵佾','成王','向皇后','神宗长子。','早夭。',1)"
ins "INSERT INTO ruler_child VALUES (NULL,123,'赵煦','太子→哲宗','朱德妃','神宗第六子，年幼即位。','在高太后辅政下成长，亲政后恢复新法。',2)"
ins "INSERT INTO ruler_child VALUES (NULL,123,'赵佶','端王→徽宗','陈贵妃','神宗第十一子，艺术天才。','北宋灭亡后被金人俘虏北去，死于五国城。',3)"
ins "INSERT INTO ruler_child VALUES (NULL,124,'赵桓','太子→钦宗','王皇后','徽宗长子，金兵南下时被迫即位。','靖康之变中被金人俘虏北去，最终客死五国城。',1)"
ins "INSERT INTO ruler_child VALUES (NULL,124,'赵构','康王→高宗','韦贤妃','徽宗第九子，南宋开国皇帝。','建立南宋政权，与金议和称臣。后禅位。',2)"
ins "INSERT INTO ruler_child VALUES (NULL,124,'赵楷','郓王','王皇后','徽宗第三子，才华出众。','靖康之变中被金人俘虏北去，死于金国。',3)"
ins "INSERT INTO ruler_child VALUES (NULL,125,'赵谌','太子','朱皇后','钦宗长子，立为太子。','靖康之变中被金人俘虏北去。',1)"
ins "INSERT INTO ruler_child VALUES (NULL,126,'赵旉','元懿太子','潘皇后','高宗独子，苗刘兵变中被立为帝。','受惊吓而死，年仅3岁。高宗从此绝嗣。',1)"
ins "INSERT INTO ruler_child VALUES (NULL,127,'赵愭','庄文太子','郭皇后','孝宗长子，立为太子。','病逝，年仅24岁。',1)"
ins "INSERT INTO ruler_child VALUES (NULL,127,'赵惇','太子→光宗','郭皇后','孝宗第三子，即位后患精神病。','李后专权，与孝宗关系紧张，禅位。',2)"
ins "INSERT INTO ruler_child VALUES (NULL,127,'赵恺','魏王','郭皇后','孝宗次子，封魏王。','病逝。',3)"
ins "INSERT INTO ruler_child VALUES (NULL,128,'无子','—','—','宋末帝赵昺为南宋最后一位皇帝。','崖山海战失败后陆秀夫背其投海殉国，时年8岁。',1)"
ins "INSERT INTO ruler_child VALUES (NULL,129,'真金','太子','察必皇后','忽必烈嫡长子，汉化程度深。','早期病逝，谥号明孝太子，其子成宗即位。',1)"
ins "INSERT INTO ruler_child VALUES (NULL,129,'忙哥剌','安西王','察必皇后','忽必烈第三子，封安西王镇守西北。','病逝。',2)"
ins "INSERT INTO ruler_child VALUES (NULL,129,'那木罕','北平王','察必皇后','忽必烈之子，封北平王。','被海都俘获囚禁多年后放回。',3)"
ins "INSERT INTO ruler_child VALUES (NULL,130,'德寿','太子','卜鲁罕皇后','成宗独子，立为太子。','早夭，成宗绝嗣。',1)"
ins "INSERT INTO ruler_child VALUES (NULL,131,'硕德八剌','太子→英宗','答己太后','仁宗长子，自幼受儒学教育。','推行新政，南坡之变中被铁木迭儿余党弑杀。',1)"
ins "INSERT INTO ruler_child VALUES (NULL,132,'无子','—','—','元英宗硕德八剌被弑时年仅21岁。','无子嗣。',1)"
ins "INSERT INTO ruler_child VALUES (NULL,133,'阿剌忒纳答剌','太子','卜答失里皇后','文宗长子，立为太子。','早夭。',1)"
ins "INSERT INTO ruler_child VALUES (NULL,133,'燕帖古思','皇子','卜答失里皇后','文宗之子，因其父杀害兄弟而遭报应。','被元顺帝流放高丽途中被杀。',2)"
ins "INSERT INTO ruler_child VALUES (NULL,134,'爱猷识理达腊','太子→北元昭宗','高丽奇皇后','顺帝长子，元朝北迁后继位。','退居漠北，延续北元政权。病逝。',1)"
ins "INSERT INTO ruler_child VALUES (NULL,134,'脱古思帖木儿','皇子','不详','顺帝之子，后为北元天元帝。','被也速迭儿杀害。',2)"
ins "INSERT INTO ruler_child VALUES (NULL,135,'朱标','太子','马皇后','太祖长子，温文儒雅。','巡察陕西回京后病逝，谥懿文太子。',1)"
ins "INSERT INTO ruler_child VALUES (NULL,135,'朱樉','秦王','马皇后','太祖次子，就藩西安。','被三老妇人毒死。',2)"
ins "INSERT INTO ruler_child VALUES (NULL,135,'朱棣','燕王→成祖','马皇后(疑)','太祖第四子，起兵靖难夺取皇位。','迁都北京，派郑和下西洋，编纂永乐大典。',3)"
ins "INSERT INTO ruler_child VALUES (NULL,135,'朱权','宁王','杨妃','太祖第十七子，善谋略。','被朱棣裹挟参与靖难，改封南昌。潜心道教。',4)"
ins "INSERT INTO ruler_child VALUES (NULL,136,'朱文奎','太子','马皇后','建文帝长子，立为太子。','朱棣攻入南京时失踪，年仅7岁。',1)"
ins "INSERT INTO ruler_child VALUES (NULL,136,'朱文圭','皇子','马皇后','建文帝次子，朱棣攻入南京时年仅2岁。','被囚禁凤阳广安宫五十余年，获释时已不辨牛马。',2)"
ins "INSERT INTO ruler_child VALUES (NULL,137,'朱高炽','太子→仁宗','徐皇后','成祖长子，体胖仁厚。','在位不足一年病逝，开创仁宣之治。',1)"
ins "INSERT INTO ruler_child VALUES (NULL,137,'朱高煦','汉王','徐皇后','成祖次子，勇武善战。靖难之役中立功。','谋反被宣宗擒获，处死。',2)"
ins "INSERT INTO ruler_child VALUES (NULL,137,'朱高燧','赵王','徐皇后','成祖第三子，封赵王。','与汉王高煦勾结，后因告密得以免罪。',3)"
ins "INSERT INTO ruler_child VALUES (NULL,138,'朱瞻基','太子→宣宗','张皇后','仁宗长子，文武双全。','平定汉王朱高煦叛乱，开创仁宣之治。',1)"
ins "INSERT INTO ruler_child VALUES (NULL,138,'朱瞻埈','郑王','张皇后','仁宗次子，封郑王。','病逝。',2)"
ins "INSERT INTO ruler_child VALUES (NULL,138,'朱瞻墉','越王','张皇后','仁宗第三子，封越王。','病逝。',3)"
ins "INSERT INTO ruler_child VALUES (NULL,138,'朱瞻垠','蕲王','李贤妃','仁宗之子，初封蕲王。','早逝。',4)"
ins "INSERT INTO ruler_child VALUES (NULL,139,'朱祁镇','太子→英宗','孙皇后','宣宗长子，幼年即位。','土木堡之变被俘，南宫复辟后再次即位。',1)"
ins "INSERT INTO ruler_child VALUES (NULL,139,'朱祁钰','郕王→景帝','吴贤妃','宣宗次子，英宗被俘后被立为帝。','保卫北京有功，英宗复辟后被废，病逝。',2)"
ins "INSERT INTO ruler_child VALUES (NULL,140,'朱见深','太子→宪宗','周贵妃','英宗长子，幼年经历坎坷。','在位23年，宠爱万贵妃，设立西厂。',1)"
ins "INSERT INTO ruler_child VALUES (NULL,140,'朱见清','德王','周贵妃','英宗之子，封德王。','病逝。',2)"
ins "INSERT INTO ruler_child VALUES (NULL,140,'朱见淳','秀王','周贵妃','英宗之子，封秀王。','早逝。',3)"
ins "INSERT INTO ruler_child VALUES (NULL,141,'朱祐樘','太子→孝宗','纪太后','宪宗第三子，勤政爱民。','开创弘治中兴，一生只娶张皇后一人。',1)"
ins "INSERT INTO ruler_child VALUES (NULL,141,'朱祐杬','兴王','邵贵妃','宪宗第四子，封兴王。','病逝，其子朱厚熜后为嘉靖帝，追尊兴献帝。',2)"
ins "INSERT INTO ruler_child VALUES (NULL,141,'朱祐楎','岐王','张德妃','宪宗之子，封岐王。','病逝。',3)"
ins "INSERT INTO ruler_child VALUES (NULL,142,'朱厚照','太子→武宗','张皇后','孝宗独子，贪玩好武。','应州大捷亲自指挥，建豹房玩乐，31岁病逝无子。',1)"
ins "INSERT INTO ruler_child VALUES (NULL,143,'朱载基','哀太子','阎贵妃','世宗长子，生二月而夭。','追封哀太子。',1)"
ins "INSERT INTO ruler_child VALUES (NULL,143,'朱载壑','庄敬太子','王贵妃','世宗次子，立为太子。','病逝，年仅14岁。',2)"
ins "INSERT INTO ruler_child VALUES (NULL,143,'朱载坖','太子→穆宗','杜康妃','世宗第三子，即位后革除弊政。','隆庆开关，与蒙古议和，病逝。',3)"
ins "INSERT INTO ruler_child VALUES (NULL,143,'朱载圳','景王','卢靖妃','世宗第四子，封景王。','病逝于封国。',4)"
ins "INSERT INTO ruler_child VALUES (NULL,144,'朱常洛','太子→光宗','王恭妃','神宗长子，因郑贵妃争国本被长期冷落。','即位一月即因红丸案暴毙。',1)"
ins "INSERT INTO ruler_child VALUES (NULL,144,'朱常洵','福王','郑贵妃','神宗第三子，深受宠爱。神宗曾欲立其为太子。','国本之争后封洛阳，李自成攻破洛阳后被处死。',2)"
ins "INSERT INTO ruler_child VALUES (NULL,144,'朱常瀛','桂王','李贵妃','神宗第七子，封桂王。','张献忠攻湖南时逃往广西，病逝。其子永历帝即位。',3)"
ins "INSERT INTO ruler_child VALUES (NULL,145,'朱慈烺','太子','周皇后','思宗长子，立为太子。','李自成攻入北京后下落不明，一说被清军杀害。',1)"
ins "INSERT INTO ruler_child VALUES (NULL,145,'朱慈炯','定王','周皇后','思宗次子，封定王。','李自成入京后下落不明。',2)"
ins "INSERT INTO ruler_child VALUES (NULL,145,'朱慈照','永王','田贵妃','思宗第三子，封永王。','明朝灭亡后逃亡，结局不详。',3)"
ins "INSERT INTO ruler_child VALUES (NULL,145,'朱媺娖','长平公主','周皇后','思宗长女，崇祯自缢前斩断其左臂。','清廷优待，上书请出家为尼未准，嫁周显后病逝。',4)"
ins "INSERT INTO ruler_child VALUES (NULL,146,'褚英','广略贝勒','佟佳氏','努尔哈赤长子，军功卓著。','因性格暴戾、与诸弟不睦被努尔哈赤处死。',1)"
ins "INSERT INTO ruler_child VALUES (NULL,146,'代善','礼亲王','佟佳氏','努尔哈赤次子，四大贝勒之一。','拥立皇太极、福临有功，病逝。',2)"
ins "INSERT INTO ruler_child VALUES (NULL,146,'皇太极','太宗','叶赫那拉氏','努尔哈赤第八子，继承汗位。','改国号为清，为入主中原奠定基础。',3)"
ins "INSERT INTO ruler_child VALUES (NULL,146,'多尔衮','睿亲王','阿巴亥','努尔哈赤第十四子，摄政王。','拥立顺治即位，率清军入关。死后被顺治清算。',4)"
ins "INSERT INTO ruler_child VALUES (NULL,146,'多铎','豫亲王','阿巴亥','努尔哈赤第十五子，骁勇善战。','平定江南，灭南明弘光政权。病逝于天花。',5)"
ins "INSERT INTO ruler_child VALUES (NULL,147,'豪格','肃亲王','乌拉那拉氏','皇太极长子，战功卓著。','被多尔衮迫害致死。顺治亲政后为其平反。',1)"
ins "INSERT INTO ruler_child VALUES (NULL,147,'福临','太子→顺治帝','博尔济吉特氏','皇太极第九子，6岁即位。','由多尔衮摄政，亲政后统一全国。24岁病逝。',2)"
ins "INSERT INTO ruler_child VALUES (NULL,147,'博穆博果尔','襄亲王','娜木钟','皇太极第十一子，封襄亲王。','传言其妃董鄂氏被顺治纳入宫中，羞愤而死。',3)"
ins "INSERT INTO ruler_child VALUES (NULL,148,'牛钮','—','巴氏','顺治长子。','出生数月即夭折。',1)"
ins "INSERT INTO ruler_child VALUES (NULL,148,'福全','裕亲王','宁悫妃','顺治次子，封裕亲王。','曾与康熙一同被顺治询问志向。病逝。',2)"
ins "INSERT INTO ruler_child VALUES (NULL,148,'玄烨','太子→康熙帝','佟妃','顺治第三子，8岁即位。','擒鳌拜、平三藩、收台湾、征葛尔丹。在位61年。',3)"
ins "INSERT INTO ruler_child VALUES (NULL,148,'荣亲王','—','董鄂妃','顺治宠妃董鄂妃所生，顺治视为嫡子。','出生数月夭折，顺治追封为荣亲王。',4)"
ins "INSERT INTO ruler_child VALUES (NULL,149,'胤礽','太子','赫舍里皇后','康熙嫡长子，两岁立为太子。','两立两废，被圈禁至死。',1)"
ins "INSERT INTO ruler_child VALUES (NULL,149,'胤禛','雍亲王→雍正帝','德妃','康熙第四子，九子夺嫡胜出。','整顿吏治，设立军机处，驾崩于圆明园。',2)"
ins "INSERT INTO ruler_child VALUES (NULL,149,'胤禩','廉亲王','良妃','康熙第八子，广结人缘。','夺嫡失败被雍正圈禁，削除宗籍，改名阿其那，病死狱中。',3)"
ins "INSERT INTO ruler_child VALUES (NULL,149,'胤禟','贝子','宜妃','康熙第九子，善于经商。','支持胤禩夺嫡，被雍正发配西宁，死于圈禁。',4)"
ins "INSERT INTO ruler_child VALUES (NULL,150,'弘晖','端亲王','乌拉那拉皇后','雍正长子。','早夭，追封端亲王。',1)"
ins "INSERT INTO ruler_child VALUES (NULL,150,'弘时','皇子','齐妃','雍正第三子，性格率直。','因与雍正关系不和，被削除宗籍，抑郁而死。',2)"
ins "INSERT INTO ruler_child VALUES (NULL,150,'弘历','宝亲王→乾隆帝','钮祜禄氏','雍正第四子，25岁即位。','开创康乾盛世，在位60年，禅位后以太上皇训政。',3)"
ins "INSERT INTO ruler_child VALUES (NULL,150,'弘昼','和亲王','耿氏','雍正第五子，封和亲王。','故作荒唐避祸，喜欢办丧事吃祭品。病逝。',4)"
ins "INSERT INTO ruler_child VALUES (NULL,151,'永琏','端慧太子','富察皇后','乾隆次子，聪慧过人。','9岁夭折，乾隆悲痛万分，追封太子。',1)"
ins "INSERT INTO ruler_child VALUES (NULL,151,'永琮','哲亲王','富察皇后','乾隆第七子，深受乾隆喜爱。','2岁因天花夭折。',2)"
ins "INSERT INTO ruler_child VALUES (NULL,151,'永琪','荣亲王','愉贵妃','乾隆第五子，文武双全。','25岁病逝，乾隆极为痛惜。',3)"
ins "INSERT INTO ruler_child VALUES (NULL,151,'颙琰','太子→嘉庆帝','魏佳氏','乾隆第十五子，性格温和。','诛和珅，守成之主。在位25年。',4)"
ins "INSERT INTO ruler_child VALUES (NULL,152,'旻宁','太子→道光帝','喜塔腊氏','嘉庆次子，勤政节俭。','鸦片战争失败，签订南京条约。',1)"
ins "INSERT INTO ruler_child VALUES (NULL,152,'绵恺','惇亲王','钮祜禄氏','嘉庆第三子，封惇亲王。','因违犯禁令被降爵，病逝。',2)"
ins "INSERT INTO ruler_child VALUES (NULL,152,'绵忻','瑞亲王','钮祜禄氏','嘉庆第四子，聪慧。','24岁病逝。',3)"
ins "INSERT INTO ruler_child VALUES (NULL,153,'奕纬','隐志郡王','那拉氏','道光长子。','早逝，年仅24岁。',1)"
ins "INSERT INTO ruler_child VALUES (NULL,153,'奕詝','太子→咸丰帝','钮祜禄氏','道光第四子，体弱多病。','太平天国起义、第二次鸦片战争，病逝于热河。',2)"
ins "INSERT INTO ruler_child VALUES (NULL,153,'奕䜣','恭亲王','静贵妃','道光第六子，有治国才能。','主持总理衙门，洋务运动领袖。病逝。',3)"
ins "INSERT INTO ruler_child VALUES (NULL,153,'奕譞','醇亲王','庄顺皇贵妃','道光第七子，光绪帝生父。','支持洋务运动，病逝。',4)"
ins "INSERT INTO ruler_child VALUES (NULL,154,'载淳','太子→同治帝','慈禧太后','咸丰独子，6岁即位。','由慈禧垂帘听政，亲政后无所作为，19岁病逝无子。',1)"
ins "INSERT INTO ruler_child VALUES (NULL,155,'无子','—','—','光绪帝载湉为慈禧所立傀儡皇帝。','终身被慈禧控制，无子嗣。',1)"
ins "INSERT INTO ruler_child VALUES (NULL,156,'无子','—','—','末代皇帝溥仪，三岁即位。','经历辛亥革命、伪满洲国、改造成为公民。无子嗣。',1)"
